query,lat,lng,formatted
"43 Southwark Park Road, SE16, London, UK, London, UK",51.49289600,-0.07175160,"43 Southwark Park Rd., London SE16 2EG, UK"
"49 Southwark Park road, Bermondsey, SE16, London, UK, London, UK",51.49264100,-0.07211110,"49 Southwark Park Rd., London SE16, UK"
"84 Southwark Park Road, SE16, London, UK, London, UK",51.49260530,-0.07028140,"84 Southwark Park Rd., London SE16 3RS, UK"
"141 Braidwood Road, Catford SE6, London, UK, London, UK",51.44098820,-0.00273680,"141 Braidwood Rd, London SE6 1QY, UK"
"129 Killearn Road, Catford SE6, London, UK, London, UK",51.44165860,-0.00349610,"129 Killearn Rd, London SE6 1BS, UK"
"27 Crutchley Road, Downham, London, UK, London, UK",51.43619180,0.00550290,"27 Crutchley Rd, London SE6 1QN, UK"
"Sandhurst Road School, Catford, SE6, London, UK, London, UK",51.44210350,-0.00860500,"Sandhurst Rd, London SE6, UK"
"5 Bacon Grove, Bermondsey, SE1, London, UK, London, UK",51.49494330,-0.07653640,"5 Bacon Grove, London SE1, UK"
"54 Laleham Road Catford, SE6, London, UK, London, UK",51.44609810,-0.01309330,"54 Laleham Rd, London SE6 2HU, UK"
"5 Chalsey Road, Brokerley, SE6, London, UK, London, UK",51.46009050,-0.03095810,"5 Chalsey Rd, London SE4 1YN, UK"
"84 Tyrwhitt Road, Brockley, SE4, London, UK, London, UK",51.46385360,-0.02483360,"84 Tyrwhitt Rd, London SE4 1QB, UK"
"20 Jutland Road, Catford SE6, London, UK, London, UK",51.44457130,-0.01510270,"20 Jutland Rd, London SE6 2DQ, UK"
"Jutland Road Catford SE6, London, UK, London, UK",51.44491820,-0.01470270,"Jutland Rd, London SE6, UK"
"86 Torridon Road, Catford SE6, London, UK, London, UK",51.43976640,-0.00206780,"86 Torridon Rd, London SE6 1RD, UK"
"91 Ardgowan Road, Catford SE6, London, UK, London, UK",51.44161230,-0.00058270,"91 Ardgowan Rd, London SE6 1UY, UK"
"96 Tressillain Road, Brockley SE4, London, UK, London, UK",51.46305130,-0.02845770,"96 Tressillian Rd, London SE4 1YD, UK"
"Tustin Street, Camberwell, SE16 , London, UK, London, UK",51.49660220,-0.04984570,"London SE16, UK"
"503 Old Kent Road, SE1, London, UK, London, UK",51.48511340,-0.06897300,"503 Old Kent Rd, London SE1 5JS, UK"
"Avondale Square SE1, London, UK, London, UK",51.48654410,-0.06975220,"Avondale Square, London SE1, UK"
"115 Fordel Road, Lewisham SE13, London, UK, London, UK",51.44361200,-0.00326790,"115 Fordel Rd, London SE6 1XT, UK"
"108 Fordel  Road, Catford, SE6, London, UK, London, UK",51.44333330,-0.00376510,"108 Fordel Rd, London SE6 1XR, UK"
"138 Engleheart Road, Catford,SE6, London, UK, London, UK",51.44343910,-0.01253070,"138 Engleheart Rd, London SE6 2ET, UK"
"Adelaide Avnue, Brockley SE4, London, UK, London, UK",51.45903790,-0.03254650,"Adelaide Ave, London, UK"
"Nos 82-184 inclusive, London, UK, London, UK",51.49362140,-0.28006330,"Power Rd, Chiswick, London W4 5PY, UK"
"Ivy Lane, Brockley, SE4, London, UK, London, UK",51.45844660,-0.03331860,"Ivy Rd, London, UK"
"Verney Road, Old Kent Road, SE16, London, UK, London, UK",51.48547310,-0.07008780,"Old Kent Rd, London, UK"
"127 Minard Road, Catford, SE6, London, UK, London, UK",51.44107910,0.00058270,"127 Minard Rd, London SE6 1NN, UK"
"124 Southwark Park Road, SE16, London, UK, London, UK",51.49245810,-0.06824560,"124 Southwark Park Rd., London SE16 3RP, UK"
"613 Old Kent Road Se15, London, UK, London, UK",51.48366800,-0.06452790,"593-613 Old Kent Rd, London SE15 1LA, UK"
"709 Old Kent Road SE1, London, UK, London, UK",51.48241270,-0.06040870,"709 Old Kent Rd, London SE15 1JZ, UK"
"348 St. James' Road SE1, London, UK, London, UK",51.48518050,-0.06579800,"348 St James's Rd, London, UK"
"Sportsbank Street, Catford, SE6., London, UK, London, UK",51.44399820,-0.01189790,"Sportsbank St, London SE6, UK"
"101 Storks Road, Bermondsey, SE16, London, UK, London, UK",51.49581500,-0.06465550,"101 Stork's Rd, London SE16 4DE, UK"
"Chadwick road, Peckham, SE15, London, UK, London, UK",51.46807850,-0.07281900,"Chadwick Rd, London, UK"
"9 Love Walk, Camberwell, SE5, London, UK, London, UK",51.47138140,-0.08858850,"9 Love Walk, London SE5 8AD, UK"
"27 Claude Road, Peckham SE15, London, UK, London, UK",51.46740980,-0.06418130,"Claude Rd, London SE15, UK"
"33 Claude Road, Peckham, SE15, London, UK, London, UK",51.46740980,-0.06418130,"Claude Rd, London SE15, UK"
"190 Rye Lane, Peckham, SE15, London, UK, London, UK",51.46720690,-0.06650850,"190 Rye Ln, Greater, London SE15 4NF, UK"
"290 Southampton Way, Peckham, SE15, London, UK, London, UK",51.47590910,-0.07844170,"290 Southampton Way, London SE5 7EN, UK"
"77 Rye Lane, Peckham, SE15, London, UK, London, UK",51.47123700,-0.06938230,"77 Rye Ln, London SE15 5EX, UK"
"75 Rye Lane, Peckham, SE15, London, UK, London, UK",51.47125590,-0.06936560,"75 Rye Ln, London SE15 5EX, UK"
"66 East Surrey Grove, Peckham SE15, London, UK, London, UK",51.47736560,-0.07568150,"66 E Surrey Grove, London SE15 6EB, UK"
"91 Coleman Road, Camberwell, SE5, London, UK, London, UK",51.47902460,-0.08274560,"91 Coleman Rd, London SE5 7TF, UK"
"58 Brownhill Road, Catford, London, UK, London, UK",51.44543940,-0.01498070,"58 Brownhill Rd, London SE6 2EJ, UK"
"7 Nunhead Green, Camberwell, SE15, London, UK, London, UK",51.46496870,-0.05912600,"7 Nunhead Grn, London SE15 3QQ, UK"
"727, Old Kent Road, Camberwell, SE15, London, UK, London, UK",51.48111030,-0.06034220,"727 Old Kent Rd, London SE15 1JL, UK"
"52 Brownhill Road , London, UK, London, UK",51.44546330,-0.01516720,"52 Brownhill Rd, London SE6 2EJ, UK"
"84 Tressillain Road, Brockley SE4, London, UK, London, UK",51.46359580,-0.02802830,"84A Tressillian Rd, London SE4 1YD, UK"
"83 Grange Road, Bermondsey, SE1, London, UK, London, UK",51.49696200,-0.08003820,"83 Grange Walk, London SE1 3DT, UK"
"52 Southwark Park Road, SE16, London, UK, London, UK",51.49250910,-0.07183090,"52 Southwark Park Rd., London SE16 3RS, UK"
"Prince Edward Road, E9, London, UK, London, UK",51.54447920,-0.02590670,"Prince Edward Rd, London E9, UK"
"12, Jewell Street, Mile End. E1, London, UK, London, UK",51.48001760,-0.09561240,"Jewell St, London SE5, UK"
"12 Harford St, Stepney E1, London, UK, London, UK",51.52160820,-0.03943190,"12 Harford St, London E1 4SJ, UK"
"Hazelbank Road, Catford SE6, London, UK, London, UK",51.43691310,0.00128370,"Hazelbank Rd, London SE6, UK"
"Plough Way, SE16, London, UK, London, UK",51.49276860,-0.03872640,"Plough Way, London SE16, UK"
"28 Ringstead Road, Catford, SE6, London, UK, London, UK",51.44647220,-0.01674350,"28 Ringstead Rd, London SE6 2BP, UK"
"786 Old Kent Road, Camberwell, SE15, London, UK, London, UK",51.47980340,-0.05787950,"786 Old Kent Rd, London SE15 1NZ, UK"
"7, Devonshire Grove, SE15, London, UK, London, UK",51.48099180,-0.05935000,"Devonshire Grove, London SE15, UK"
"Bromley Road, Catford, SE6, London, UK, London, UK",51.43595530,-0.01814070,"Bromley Rd, London SE6, UK"
"42 Brown Hill Road, Catford, SE6, London, UK, London, UK",51.44552270,-0.01568760,"42 Brownhill Rd, London SE6 2EJ, UK"
"39 Loampit Vale, Lewisham SE13, London, UK, London, UK",51.46455440,-0.01402340,"39 Loampit Vale, London SE13 7RY, UK"
"19 Vivian Roan, Bethnal Green E2, London, UK, London, UK",51.52813400,-0.06165120,"London E2, UK"
"Milton Court Road, New Cross, Se14, London, UK, London, UK",51.48076200,-0.03649020,"Milton Ct Rd, London SE14, UK"
"39 Gilmore Road, Lewisham SE13, London, UK, London, UK",51.46039310,-0.00656570,"39B Gilmore Rd, London SE13 5AD, UK"
"3 Drivers Buildings, Mile End Road E1, London, UK, London, UK",51.52197770,-0.04562250,"Mile End Rd, London E1, UK"
"110, Skidmore Street, London, UK, London, UK",51.50635300,-0.08591770,"27 Tooley St, London SE1 2PR, UK"
"Royal Arsenal, Woolwich, SE18, London, UK, London, UK",51.49516180,0.07059710,"Woolwich (Royal Arsenal), Marlborough Rd, Royal Arsenal, London SE18 6TL, UK"
"Bolsoms Ltd.(Furnishing Co.) Lewisham High Street, SE13, London, UK, London, UK",51.45795000,-0.01312470,"Lewisham High St, London SE13, UK"
"Chiesmans Depository, Lewisham High Street, SE13, London, UK, London, UK",51.45795000,-0.01312470,"Lewisham High St, London SE13, UK"
"Newby Place, Poplar E14, London, UK, London, UK",51.51016350,-0.01215040,"Newby Pl, London E14, UK"
"Old Tram Yard, Lakedale Road, Plumstead, SE18, London, UK, London, UK",51.48743880,0.09122840,"Lakedale Road & Old Tramyard, London SE18 1PP, UK"
"Old Tram Yard, Lakedale Road, Plumstead, Se18, London, UK, London, UK",51.48743880,0.09122840,"Lakedale Road & Old Tramyard, London SE18 1PP, UK"
"Lakedale Road and plumstead High Street SE18, London, UK, London, UK",51.48765570,0.09131680,"Lakedale Rd & Plumstead High St, London SE18 1PP, UK"
"70 Croft Street Deptford, SE8, London, UK, London, UK",51.49125190,-0.04020960,"70 Croft St, London SE8, UK"
"41 Windmill Lane, Deptford, Se8, London, UK, London, UK",51.54591810,0.00398320,"41 Windmill Ln, London E15, UK"
"61 Basildon Road Abbey Wood, SE2, London, UK, London, UK",51.48639350,0.10710350,"61 Basildon Rd, London SE2 0ET, UK"
"35 Basildon Road, Abbey Wood, SE2, London, UK, London, UK",51.48585540,0.10692700,"35 Basildon Rd, London SE2 0ET, UK"
"Basildon Road, Abbey Wood, SE2, London, UK, London, UK",51.48673010,0.10742100,"Basildon Rd, London SE2, UK"
"Cordelia Street, Poplar E14, London, UK, London, UK",51.51372870,-0.01747240,"Cordelia St, London E14, UK"
"13 Cordelia Street, Poplar, E14, London, UK, London, UK",51.51381010,-0.01895240,"13 Cordelia St, London E14 6AS, UK"
"Poplar High Street, Poplar, E14, London, UK, London, UK",51.50888750,-0.01407850,"Poplar High St, London E14, UK"
"The Vicarage, Poplar, E14, London, UK, London, UK",51.51696730,-0.10635680,"The Vicarage, St Andrew St, London EC4A 3BQ, UK"
"Colin Street, Bromley-By-Bow E3, London, UK, London, UK",51.52782080,-0.01283730,"Bromley By Bow, London, UK"
"Empson St, Bromley-By-Bow E3, London, UK, London, UK",51.52216780,-0.01314260,"Empson St, London E3, UK"
"Marner Street School, Marner Street E3, London, UK, London, UK",51.52114850,-0.03234200,"Eric Street, Bow, London E3 4JG, UK"
"St. Leonards Wharf, Bromley E3, London, UK, London, UK",51.51710350,-0.00860430,"St Leonards Wharf, 49 Bromley Hall Rd, Aberfeldy Village, London E14 0LF, UK"
"242 Brunswick Rd, Poplar, E14, London, UK, London, UK",51.51230740,-0.00766770,"Brunswick Rd, London E14, UK"
"242, Brunswick Rd, Poplar, E14, London, UK, London, UK",51.51230740,-0.00766770,"Brunswick Rd, London E14, UK"
"240 Brunswick Rd, Poplar, E14, London, UK, London, UK",51.51230740,-0.00766770,"Brunswick Rd, London E14, UK"
"Empson Street Bromley E3, London, UK, London, UK",51.52216780,-0.01314260,"Empson St, London E3, UK"
"Colin Street, Bromley-By-Bow, E3, London, UK, London, UK",51.52782080,-0.01283730,"Bromley By Bow, London, UK"
"Friendsliy Place, Greenwhich SE10, London, UK, London, UK",51.47243130,-0.01503930,"Friendly Pl, London SE10, UK"
"26, Bruce Road, Poplar, Greater London E3 3, London, UK, London, UK",51.52644360,-0.01580330,"26 Bruce Rd, London E3 3HR, UK"
"141 Albert Road, North Woolwich E16, London, UK, London, UK",51.49991070,0.06287110,"141 Albert Rd, London E16 2JD, UK"
"143 Albert Road, North Woolwich E16, London, UK, London, UK",51.50005490,0.06273410,"143 Albert Rd, London E16, UK"
"145 Albert Road, North Woolwich E16, London, UK, London, UK",51.49994780,0.06256610,"145 Albert Rd, London E16 2JD, UK"
"147 Albert Road, North Woolwich E16, London, UK, London, UK",51.49992160,0.06246020,"Sky Studios, 147 Albert Rd, London E16 2JA, UK"
"9 Sevenoaks Road Brokerley SE4, London, UK, London, UK",51.45296160,-0.03812590,"9 Sevenoaks Rd, London SE4 1RA, UK"
"11 Sevenoaks Road, Brockley, SE4, London, UK, London, UK",51.45282190,-0.03812990,"11 Sevenoaks Rd, London SE4 1RA, UK"
"Bruce RD, Bromley E3, London, UK, London, UK",51.52733990,-0.01309010,"Bruce Rd, London E3, UK"
"459 Brockley Road, Brocklet SE4, London, UK, London, UK",51.45253070,-0.03865010,"459 Brockley Rd, London SE4 2PJ, UK"
"46 Bruce Rd, Bromley E3, London, UK, London, UK",51.52694780,-0.01500350,"46 Bruce Rd, London E3 3HL, UK"
"142 Foxberry Road, Brockley, SE4, London, UK, London, UK",51.46099190,-0.03560410,"142 Foxberry Rd, London SE4 2SH, UK"
"75 ComerfordRoad Brockley se4, London, UK, London, UK",51.45868720,-0.03406140,"75 Comerford Rd, London SE4, UK"
"Creek Bridge, Creek Road, Greenwich SE10, London, UK, London, UK",51.48144650,-0.01345410,"Creek Rd, London SE10, UK"
"Three Mill Lane, Greater London E3 3, London, UK, London, UK",51.52820250,-0.00766970,"Three Mill Ln, London E3, UK"
"Edward Street SE14, London, UK, London, UK",51.47946300,-0.03402060,"Edward St, London SE14, UK"
"35 Colwick Street Deptford SE8, London, UK, London, UK",51.48079880,-0.02310990,"Deptford, London, UK"
"Deptford Park, Evelyn Street, Deptford, SE8, London, UK, London, UK",51.48654520,-0.03922380,"Deptford Park, 23 Scawen Rd, London SE8 5AE, UK"
"Church hill Woolwich, SE18, London, UK, London, UK",51.49320000,0.05810870,"Church Hill, London SE18, UK"
"Kingsman Street, Woolwich, SE18, London, UK, London, UK",51.49114050,0.05985990,"Kingsman St, London SE18, UK"
"Sunsbury Street, Woolwich SE18, London, UK, London, UK",51.49209780,0.05767770,"Sunbury St, London SE18, UK"
"Glenalvon Street, Woolwich SE18, London, UK, London, UK",51.47819820,0.07620530,"London SE18, UK"
"Woolwich Church Street, Woolwich SE18, London, UK, London, UK",51.49288950,0.05316940,"Woolwich Church St, London SE18, UK"
"Artillery Place, Wollwich SE18, London, UK, London, UK",51.48752920,0.05863600,"Artillery Pl, London SE18, UK"
"Powis Street, Woolwich SE18, London, UK, London, UK",51.49207420,0.06432390,"Powis St, London SE18, UK"
"Chapel Hill, Woolwich SE18, London, UK, London, UK",51.59847760,-0.16309930,"Chapel Hill, London N2, UK"
"Woolwich high Street, Woolwich SE18, London, UK, London, UK",51.49378930,0.06303570,"Woolwich High St, London SE18, UK"
"John Wilson Street, Woolwich SE18, London, UK, London, UK",51.49026160,0.06224270,"John Wilson St, London SE18, UK"
"Plumstead Road, Woolwich SE18, London, UK, London, UK",51.49104690,0.07838160,"Plumstead Rd, London SE18, UK"
"Paradise Place Woolwich SE18, London, UK, London, UK",51.47819820,0.07620530,"London SE18, UK"
"14, Three Mill Lane, Greater London, E3, London, UK, London, UK",51.52962020,-0.00881840,"14 Three Mill Ln, London E15 2QS, UK"
"1 Reeves Road, Bow, E3, London, UK, London, UK",51.52399380,-0.01555580,"1 Reeves Rd, London E3 3PL, UK"
"Ebenezer Place, Chrisp Street, Poplar, E14, London, UK, London, UK",51.51438600,-0.01460540,"Chrisp St, London E14, UK"
"120 Chrisp Street, Poplar, E14, London, UK, London, UK",51.51474060,-0.01456980,"120 Chrisp St, London E14 6NL, UK"
"Wotton Way, Deptford, SE8, London, UK, London, UK",51.48089470,-0.03085300,"Wotton Rd, London SE8, UK"
"18 Sevenoaks Road, Crofton park, SE4, London, UK, London, UK",51.45296200,-0.03823990,"18 Sevenoaks Rd, London SE4 1RB, UK"
"8 Sevenoaks Road Crofton Park, SE4, London, UK, London, UK",51.45266210,-0.03781250,"8 Sevenoaks Rd, London SE4 1RB, UK"
"112 Foxberry Road, Brockley, London, UK, London, UK",51.46138140,-0.03640550,"112 Foxberry Rd, London SE4 2SH, UK"
"Reeves Road, Bow, E3, London, UK, London, UK",51.52365390,-0.01594700,"Reeves Rd, Bow, London E3, UK"
"4 Pier Road, North Woolwich, E16 , London, UK, London, UK",51.49766200,0.06049210,"The Greyhound, 4 Pier Rd, London SE18 5QE, UK"
"Royal Dockyard, Woolwich, London, UK, London, UK",51.49108180,0.05451480,"Woolwich Dockyard, London SE18 5JY, UK"
"Commonwealth Buildings, Woolwich Curch Street, SE18, London, UK, London, UK",51.49265670,0.04761550,"Unit 2, Commonwealth Buildings, Woolwich Church St, London SE18 5NS, UK"
"Bowater Road, Woolwich SE18, London, UK, London, UK",51.49419980,0.04250790,"Bowater Rd, London SE18, UK"
"Samuel Street, Woolwich SE18. Nos.148-154 inclusive, London, UK, London, UK",51.49069720,0.05154410,"Samuel St, London SE18, UK"
"Samuel Street, Woolwich SE18, London, UK, London, UK",51.49069720,0.05154410,"Samuel St, London SE18, UK"
"Red Barracks, Francis Street, Woolwich SE18, London, UK, London, UK",51.48881530,0.05462250,"Red Barracks Rd & Frances St, London SE18 5EF, UK"
"13 Walerand Road Lewisham, SE13, London, UK, London, UK",51.46593950,-0.00840270,"13 Walerand Rd, Blackheath, London SE13 7PE, UK"
"Honor Oak Road, Forest Hill SE23, London, UK, London, UK",51.44435410,-0.05528890,"Honor Oak Rd, London SE23, UK"
"Devons Road, Bromley, E3, London, UK, London, UK",51.52216000,-0.01829370,"Devons Rd, London E3, UK"
"Empson Street, Bromley, E3, London, UK, London, UK",51.52216780,-0.01314260,"Empson St, London E3, UK"
"Albert Road, North Wollwich, E16, London, UK, London, UK",51.50006180,0.06254580,"Albert Rd, London E16, UK"
"Brewery Wharf, Creek Road, Greenwich, SE10, London, UK, London, UK",51.48106010,-0.01568940,"Brewery Wharf, Norman Rd, London SE10 9QZ, UK"
"Hyde Vale Greenwich S10, London, UK, London, UK",51.47502310,-0.00677100,"Hyde Vale, London SE10, UK"
"Catherine Grove, Greenwich SE10, London, UK, London, UK",51.47457260,-0.01869260,"Catherine Grove, London SE10, UK"
"70 Crooms Hill, Greenwich SE10, London, UK, London, UK",51.47617060,-0.00613180,"70 Crooms Hill, London SE10 8HN, UK"
"West Ferry Road, Millwall, E14, London, UK, London, UK",51.49830220,-0.02589880,"Westferry Rd, London E14, UK"
"457 Brockley Road, Brockley SE4, London, UK, London, UK",51.45257980,-0.03863600,"457 Brockley Rd, London SE4 2PJ, UK"
"Glebe Terrace, Bow E3, London, UK, London, UK",51.46392860,0.00303670,"The Glebe, Blackheath, London SE3, UK"
"Conduit House, Hyde Vale, Greenwich SE10, London, UK, London, UK",51.47333220,-0.00534140,"Conduit House, 78 Hyde Vale, London SE10 8HP, UK"
"Bexley Road Eltham, SE9, London, UK, London, UK",51.45107430,0.06474060,"Bexley Rd, London SE9, UK"
"599 Manchester Road, Cubitt Town, E14, London, UK, London, UK",51.50047860,-0.00933130,"599 Manchester Rd, London E14 3NU, UK"
"47 Lewisham Road SE10, London, UK, London, UK",51.47203660,-0.01517410,"47 Lewisham Rd, London SE13 7QR, UK"
"Hollyhedge House, Blackheath, SE3, London, UK, London, UK",51.47047200,-0.00525070,"Hollyhedge House, Wat Tyler Rd, Blackheath, London SE3 0QZ, UK"
"117 Sedgeway, Catford, SE6, London, UK, London, UK",51.44018810,0.00730700,"Sedgeway, London SE6, UK"
"201 Boundfield Road, Downham, London, UK, London, UK",51.43470260,0.00752880,"201 Boundfield Rd, London SE6 1PE, UK"
"30 Brandham Road, Lee Se12, London, UK, London, UK",51.44933310,0.02048370,"Lee, London, UK"
"Uplands Brandram, Road, Lee SE12, London, UK, London, UK",51.46079240,0.00097490,"Brandram Rd, London SE13, UK"
"1 Elliot park, Blackheath, SE3, London, UK, London, UK",51.46709400,-0.00843870,"1A Eliot Park, Blackheath, London SE13 7EG, UK"
"Brandham Road, Lee, SE12, London, UK, London, UK",51.44933310,0.02048370,"Lee, London, UK"
"25 Dowanhill Road, Catford, Se6, London, UK, London, UK",51.43986360,-0.00317440,"25 Dowanhill Rd, London SE6 1SU, UK"
"Alms House, Brandham, Lee, SE12, London, UK, London, UK",51.44933310,0.02048370,"Lee, London, UK"
"Tunnel Avenue, Greenwich, SE10, London, UK, London, UK",51.49286780,0.00716580,"Tunnel Ave, London SE10, UK"
"34 Grantley Street, Mile End E1, London, UK, London, UK",51.52348360,-0.04324720,"34 Grantley St, Bethnal Green, London E1 4BN, UK"
"St. Catherine's Vicarage, Pepys's Road, New Cross, SE14, London, UK, London, UK",51.46659040,-0.04339360,"St Catherines Vicarage, 102A Pepys Rd, London SE14 5SG, UK"
"27, Elsdale Street, Hackney, E9, London, UK, London, UK",51.54323620,-0.04927480,"27 Elsdale St, London E9 6QW, UK"
"40 Harford Street, Stepney, E1, London, UK, London, UK",51.52117490,-0.03906400,"40 Harford St, London E1, UK"
"Garnett Street Stepney E1, London, UK, London, UK",51.50778660,-0.05502300,"Garnet St, London E1W, UK"
"North Woolwich Road E16, London, UK, London, UK",51.50231970,0.03040640,"N Woolwich Rd, London E16, UK"
"Gervase Street, Camberwell, SE16, London, UK, London, UK",51.47934490,-0.05840910,"Gervase St, London SE15, UK"
"Crofton Park Railway Station, Brockley, SE4, London, UK, London, UK",51.45481360,-0.03726430,"Crofton Park Station, London SE4, UK"
"100 Skidmore Street, Stepney E1, London, UK, London, UK",51.52222540,-0.04915740,"Stepney, London E1, UK"
"25 Goodwood Road, Newcross, SE14, London, UK, London, UK",51.47656620,-0.03973890,"25 Goodwood Rd, London SE14 6BL, UK"
"Surrey Commercial Docks, SE16, London, UK, London, UK",51.49660220,-0.04984570,"London SE16, UK"
"250 Silver Walk, Rotherhithe Street, Se16, London, UK, London, UK",51.50347840,-0.03374930,"Silver Walk & Rotherhithe Street, London SE16 5HW, UK"
"660 Rotherhithe Street, Se16, London, UK, London, UK",51.49859670,-0.03467320,"660 Rotherhithe St, London SE16 5LJ, UK"
"Milbourne St, Hackney E9, London, UK, London, UK",51.54347730,-0.04854600,"Milborne St, London E9, UK"
"Arnold Road, Bow E3, London, UK, London, UK",51.52702310,-0.02280030,"Arnold Rd, Bow, London E3, UK"
"8 Lanbury Road, Camberwell SE15, London, UK, London, UK",51.45990040,-0.04686390,"8 Lanbury Rd, London SE15 3DB, UK"
"Thornham Street Greenwich SE10, London, UK, London, UK",51.48072320,-0.01491070,"Thornham St, London SE10, UK"
"46-48 Comerford Road, 41-53 Comerford Road, Brockley, SE4, London, UK, London, UK",51.45914800,-0.03630420,"41 53, 46 Comerford Rd, London SE4 2AX, UK"
"12 Buckthorne Road, Corfton Park SE4, London, UK, London, UK",51.45566340,-0.03924280,"12 Buckthorne Rd, London SE4 2DB, UK"
"Morden Wharf Road, Greenwich SE10, London, UK, London, UK",51.49373720,0.00407710,"Morden Wharf Rd, London SE10, UK"
"58 Sydenham Road, Sydenham, SE26, London, UK, London, UK",51.42584130,-0.05056540,"Golden City, 58 Sydenham Rd, London SE26 5QE, UK"
"40 Batavia Road, New Cross SE14, London, UK, London, UK",51.47615430,-0.03747620,"40 Batavia Rd, London SE14, UK"
"Swedish yard, Surrey, Commercial Docks, SE16, London, UK, London, UK",51.49437230,-0.03754780,"Swedish Quay, London SE16, UK"
"Barnards Wharf 341, Rotherhithe Street, SE16, London, UK, London, UK",51.49887680,-0.03456240,"341 Rotherhithe St, London SE16 5LJ, UK"
"Rotherhithe Street, SE16, London, UK, London, UK",51.50439330,-0.04576960,"Rotherhithe St, London SE16, UK"
"299 Rotherhithe Street, SE16, London, UK, London, UK",51.50274740,-0.03325010,"299 Rotherhithe St, London SE16 5EY, UK"
"Redriff School, Rotherhithe Street, SE16, London, UK, London, UK",51.50194430,-0.03656160,"Redriff Primary School, Salter Rd, London SE16 5LQ, UK"
"1 Redriff Road, Rotherhithe, SE16, London, UK, London, UK",51.49547460,-0.04331620,"1 Redriff Rd, London SE16 7PS, UK"
"12 Jewel Street, Stepney E1, London, UK, London, UK",51.48001760,-0.09561240,"Jewell St, London SE5, UK"
"128 Aylward Street, Stepney E1, London, UK, London, UK",51.51596910,-0.04579120,"128 Aylward St, Stepney Green, London E1 0QW, UK"
"Wapping Wall E1, London, UK, London, UK",51.50691180,-0.05219440,"Wapping Wall, London E1W, UK"
"Sidney Street Stepney E1, London, UK, London, UK",51.51707750,-0.05516700,"Sidney St., London E1, UK"
"Greenwich foot subway, London, UK, London, UK",51.48654610,-0.00942430,"Greenwich Foot Tunnel, London, UK"
"39 Saundersness Road, Cubitt Town, E14., London, UK, London, UK",51.48806000,-0.00614030,"39 Saunders Ness Rd, London E14, UK"
"Nos. 81-8 Yarrow House, Glengall Grove, Millwall, E14, London, UK, London, UK",51.49744440,-0.00885930,"16 Stewart St, London E14 3JP, UK"
"8 Maudesley House, Glengall Grove, Millwall, E14, London, UK, London, UK",51.49565560,-0.01240220,"Glengall Grove, London E14, UK"
"8 Hibbert House, Glengall Grove, Millwall, E1, London, UK, London, UK",51.49565560,-0.01240220,"Glengall Grove, London E14, UK"
"332 Hibbert House, Glengall Grove, Millwall, E1, London, UK, London, UK",51.49650760,-0.02402290,"Hibbert House, Tiller Rd, London E14 8PZ, UK"
"39 Whitbread Road, 31-49 Whitbread Road, Brockley, SE4, London, UK, London, UK",51.45835130,-0.03603490,"39 Whitbread Rd, London SE4 2BD, UK"
"2a Kneller Road, Brockley, SE4, London, UK, London, UK",51.46161720,-0.03788860,"2A Kneller Rd, London SE4 2AP, UK"
"3 Kneller Road, Brockley, SE4, London, UK, London, UK",51.46111590,-0.03776130,"3 Kneller Rd, London SE4 2AR, UK"
"Sutton Dweillings, Chilton Grove, Deptford, SE8, London, UK, London, UK",51.49168650,-0.04145850,"Chilton Grove, London SE8, UK"
"Greenstead Road, Deptford SE8, London, UK, London, UK",51.48079880,-0.02310990,"Deptford, London, UK"
"Well St, Hackney, E9, London, UK, London, UK",51.54165410,-0.04886020,"Well St, London, UK"
"360 Stepney Way, E1, London, UK, London, UK",51.51671350,-0.04334910,"360 Stepney Way, Stepney Green, London E1 0RH, UK"
"10 Stepney High Street, E1, London, UK, London, UK",51.51729040,-0.04263140,"Stepney High St, London E1, UK"
"42 Stephney High Street E1, London, UK, London, UK",51.51729040,-0.04263140,"Stepney High St, London E1, UK"
"Aylward Street London E1 OQW, London, UK, London, UK",51.51593960,-0.04681320,"Aylward St, Stepney Green, London E1 0QW, UK"
"Westferry Road, Millwall, E14, London, UK, London, UK",51.49830220,-0.02589880,"Westferry Rd, London E14, UK"
"Old Kent Road, SE1, London, UK, London, UK",51.48844520,-0.07682130,"Old Kent Rd, London SE1, UK"
"Devon Street, SE1, London, UK, London, UK",51.52169880,-0.14800120,"Devonshire St, London, UK"
"St. Catherine's Church,Pepys Rd, Lewisham, London SE14, United Kingdom, London, UK, London, UK",51.46766720,-0.04443690,"St Catherines Vicarage, 102A Pepys Rd, London SE14 5SG, UK"
"3 Blackheath Vale, Blackheath SE3, London, UK, London, UK",51.46953250,0.00390000,"3 Blackheath Vale, Blackheath, London SE3 0TX, UK"
"22 Blackheath Vale, Blackheath SE3, London, UK, London, UK",51.46908740,0.00419230,"22 Blackheath Vale, Blackheath, London SE3 0TX, UK"
"48 Eglinton Hill, Plumstead, SE18, London, UK, London, UK",51.47651910,0.06848490,"48 Eglinton Hill, London SE18 3NR, UK"
"Brent Road, Plumstead, SE18, London, UK, London, UK",51.47600250,0.06742060,"Brent Rd, London SE18, UK"
"Trundley's Road, Deptford, SE16, London, UK, London, UK",51.48753650,-0.04350410,"Trundley's Rd, London SE8, UK"
"Milborne St, Hackney E9, London, UK, London, UK",51.54347730,-0.04854600,"Milborne St, London E9, UK"
"East India Dock Rd, London, UK
Poplar, Greater London E14, London, UK, London, UK",51.51133920,-0.01128040,"E India Dock Rd, London E14, UK"
"Thomas Road E14, London, UK, London, UK",51.51539560,-0.02662920,"Thomas Rd, London E14, UK"
"Manchester Road, Cubitt Town, E14, London, UK, London, UK",51.49447190,-0.00849490,"Manchester Rd, London E14, UK"
"Bolinn Road, Deptford, SE16, London, UK, London, UK",51.48079880,-0.02310990,"Deptford, London, UK"
"Avonley Road, Newcross, SE14, London, UK, London, UK",51.47894520,-0.05037170,"Avonley Rd, London SE14, UK"
"15-21 Hundson Road, Newcross, SE14, London, UK, London, UK",51.46593260,0.13808160,"15 Hudson Rd, Bexleyheath DA7 4QE, UK"
"25, Upcott Street, SE15, London, UK, London, UK",51.47032690,-0.06152370,"London SE15, UK"
"Jeringham Road, Newcross, SE14, London, UK, London, UK",51.47467810,-0.04112310,"Jerningham Rd, London SE14, UK"
"26 Bushmoor Crescent, Plumstead, SE18, London, UK, London, UK",51.47384810,0.07108150,"26 Bushmoor Cres, London SE18 3EF, UK"
"22 Matlock Street, Poplar, Greater London E14 7, London, UK, London, UK",51.51547680,-0.03961080,"22 Matlock St, London E14 7NN, UK"
"Burdett Road, E3, London, UK, London, UK",51.52092500,-0.03276320,"Burdett Rd, London E3, UK"
"Dudgeons Wharf, Manchester Road, Cubitt town, E14, London, UK, London, UK",51.49191070,-0.00328650,"Dudgeon’s Wharf - Firefighters Memorial, 46 Sextant Ave, London E14 3DX, UK"
"Transporter Yard, East Ferry Road, Millwall, E14, London, UK, London, UK",51.49352160,-0.01444010,"E Ferry Rd, London E14, UK"
"207 Waller Road, Newcross, SE14, London, UK, London, UK",51.46842740,-0.04707130,"207 Waller Rd, London SE14 5LX, UK"
"Riverway, Blackwall Lane, East Greenwich, SE10, London, UK, London, UK",51.48951970,0.00871060,"Blackwall Ln, London SE10, UK"
"94-120, Riverway, Blackwall Lane, East Greenwich, SE10, London, UK, London, UK",51.48951970,0.00871060,"Blackwall Ln, London SE10, UK"
"100-108 Riverway, Blackwall Lane, East Greenwich, SE10, London, UK, London, UK",51.48951970,0.00871060,"Blackwall Ln, London SE10, UK"
"North Atlantic Import Shed, Finland Yard Surrey, Commercial Docks, SE16, London, UK, London, UK",51.50721780,-0.12758620,"London, UK"
"2 Hick Street, Rotherhithe, SE16, London, UK, London, UK",51.48821760,-0.03979190,"2 Hicks St, London SE8 5DG, UK"
"Priory Place, Well Street, Hackney E9, London, UK, London, UK",51.54165410,-0.04886020,"Well St, London, UK"
"275 Bancroft Road, Tower Hamlets London E1, London, UK, London, UK",51.52446640,-0.04266940,"275 Bancroft Rd, Bethnal Green, London E1 4DG, UK"
"4 Ainsworth Road, Hackney, E2, London, UK, London, UK",51.53963300,-0.05099460,"4 Ainsworth Rd, London E9 7LP, UK"
"North Woolwich Roads E, London, UK, London, UK",51.50231970,0.03040640,"N Woolwich Rd, London E16, UK"
"307 Stepney Way E1, London, UK, London, UK",51.51672340,-0.04535130,"307 Stepney Way, Stepney Green, London E1 3DH, UK"
"Glengall Grove, Millwall, E14, London, UK, London, UK",51.49565560,-0.01240220,"Glengall Grove, London E14, UK"
"112 Waller Road, Newcross, SE14, London, UK, London, UK",51.46970250,-0.04809610,"112 Waller Rd, London SE14 5LU, UK"
"Lewisham High Street, Se13, London, UK, London, UK",51.45795000,-0.01312470,"Lewisham High St, London SE13, UK"
"97 Ainsworth Road, Hackney E9, London, UK, London, UK",51.53873010,-0.04996430,"97 Ainsworth Rd, London E9 7TS, UK"
"Wellington Way Buildings, Wellington Way, Bow E3, London, UK, London, UK",51.52541520,-0.02476580,"Wellington Way, London E3, UK"
"Stebondale St, London, UK
Poplar, Greater London E14 3, London, UK, London, UK",51.48938880,-0.00893020,"Stebondale St, London E14, UK"
"Bow Rd, London, UK
Poplar, Greater London E3, London, UK, London, UK",51.52751310,-0.02350280,"Bow Rd, London E3, UK"
"Old Gravel Lane, Wapping E1, London, UK, London, UK",51.51547220,-0.07626490,"Gravel Ln, London E1, UK"
"Axminster Road, Holloway, N7, London, UK, London, UK",51.56092510,-0.11828970,"Axminster Rd, London N7, UK"
"Waller Road, Newcross, SE14, London, UK, London, UK",51.47067400,-0.04827390,"Waller Rd, London SE14, UK"
"Loampit Vale Lewisham, SE13, London, UK, London, UK",51.46472690,-0.01654110,"Loampit Vale, London SE13, UK"
"Canon Wharf, Evelyn Street, Deptford,SE8, London, UK, London, UK",51.49151600,-0.03912790,"Cannon Wharf, 610 Pell St, London SE8 5EN, UK"
"97 Stebondal Street Cubitt Town E14, London, UK, London, UK",51.49718600,-0.00904700,"Cubitt Town, London E14 3JP, UK"
"48 Stebondale Street, Cubitt Town E14, London, UK, London, UK",51.49013390,-0.00829940,"48 Stebondale St, London E14, UK"
"75, Stebondale Street Cubitt Town E14, London, UK, London, UK",51.49044480,-0.00841870,"75 Stebondale St, London E14 3BX, UK"
"White Horse Rd, Tower Hamlets, London E1, UK, London, UK, London, UK",51.51455410,-0.04056770,"White Horse Rd, London E1, UK"
"Childeric Road, Newcross, SE14, No's 21-61 and 10 40, London, UK, London, UK",51.47681940,-0.03757220,"Childeric Rd, London SE14, UK"
"Ruddigore Road, Newcross, SE14, No's 2-16 and 1-9 , London, UK, London, UK",51.49414670,-0.16496440,"9, 2 First St, London SW3 2LD, UK"
"Ruddigore Road, Newcross, SE14, , London, UK, London, UK",51.47632220,-0.03229430,"New Cross, New Cross station, Greater, off Amersham Vale, New Cross Rd, London SE14 6LD, UK"
"12 Street Austell Rd, Lewisham, Greater London SE13 7, London, UK, London, UK",51.46875800,-0.00871100,"St. Austell Road, Blackheath, London SE13 7PL, UK"
"215 Brockley Road, Forest Hill, SE23, London, UK, London, UK",51.46042480,-0.03388070,"215 Brockley Rd, London SE4 2SA, UK"
"110 Gosterwood Street, Deptford, SE8, London, UK, London, UK",51.48394830,-0.03813030,"110 Gosterwood St, London SE8 5NY, UK"
"81 Plough Way, Rotherhithe SE16, London, UK, London, UK",51.49271620,-0.04134670,"81 Plough Way, London SE16 7AE, UK"
"4 Ainsworth RD, Hackney, E9, London, UK, London, UK",51.53963300,-0.05099460,"4 Ainsworth Rd, London E9 7LP, UK"
"Addington Road, Bow E3, London, UK, London, UK",51.52818300,-0.02347420,"Addington Rd, Bow, London E3, UK"
"86, Manchester Road, Cubitt Town E14, London, UK, London, UK",51.48745540,-0.01032570,"86 Manchester Rd, London E14 3BD, UK"
"9 Merchant Street Bow, E3, London, UK, London, UK",51.52564780,-0.02658510,"9 Merchant St, London E3, UK"
"33 Merchant Street, Bow, E3, London, UK, London, UK",51.52560840,-0.02652960,"33 Merchant St, London E3, UK"
"78 Merchant Street, Bow, E3, London, UK, London, UK",51.52558480,-0.02646870,"78 Merchant St, London E3, UK"
"13 Bartram Road, Brockley, SE4, London, UK, London, UK",51.45288720,-0.03952860,"13 Bartram Rd, London SE4 2DQ, UK"
"11 Bartram Road, Brockley, SE4, London, UK, London, UK",51.45288640,-0.03944370,"11 Bartram Rd, London SE4 2DQ, UK"
"75 Chilton Grove,Deptford SE8, London, UK, London, UK",51.49196340,-0.04063970,"75 Chilton Grove, London SE8, UK"
"Stepney Green, E1, London, UK, London, UK",51.51688960,-0.04981820,"Stepney Green, London E1, UK"
"Stepney Causeway, Stepney, E1, London, UK, London, UK",51.51229870,-0.04509970,"Stepney Causeway, London E1, UK"
"Latimer Street, Stepney, E1, London, UK, London, UK",51.52222540,-0.04915740,"Stepney, London E1, UK"
"293, Tunnel Avenue, Greenwich SE10, London, UK, London, UK",51.49874200,0.00123110,"293 Tunnel Ave, London SE10 0QH, UK"
"Clemence St, London, UK
Poplar, Greater London E14 7, London, UK, London, UK",51.51605980,-0.03164030,"Clemence St, London E14, UK"
"Locksley St, Tower Hamlets, London E14 7EJ, London, UK, London, UK",51.51673920,-0.03100280,"Locksley St, London E14 7EJ, UK"
"270 Ardgowan Road, Catford, SE6, 293 Torridon Road Catford SE6, London, UK, London, UK",51.43723000,-0.00082560,"270 Ardgowan Rd, London SE6 1XA, UK"
"38a Stondon Park, Forest Hill, SE23, London, UK, London, UK",51.45111710,-0.04004310,"38A Stondon Park, London SE23 1JZ, UK"
"Blackhorse Road, Deptford SE8, London, UK, London, UK",51.48488160,-0.03714800,"Blackhorse Rd, London SE8, UK"
"209a, Mile End Road E1, London, UK, London, UK",51.52218640,-0.04560060,"209 Mile End Rd, Bethnal Green, London E1 4AA, UK"
"15, Harford Street, Stepney E2, London, UK, London, UK",51.52246320,-0.03952750,"15 Harford St, London E1 4PQ, UK"
"35 Grantely Street, Mile End E1, London, UK, London, UK",51.52337280,-0.04360780,"e1, 35 Grantley St, Bethnal Green, London E1 4BN, UK"
"Drawn Buildings, Adelina Grove, Stepney E1, London, UK, London, UK",51.51947430,-0.05437750,"Adelina Grove, London E1, UK"
"Street Clement's Hostel, Bow Road E3, London, UK, London, UK",51.52565800,-0.02956750,"St Clements Ave, Bow, London E3, UK"
"28, Bow Road, Bow E3, London, UK, London, UK",51.52663420,-0.02631090,"28 Bow Rd, Bow, London E3 4LN, UK"
"113-149 Stebondale Street. Cubitt Town E14, London, UK, London, UK",51.49098690,-0.00815300,"113 Stebondale St, London E14, UK"
"156-194 Stebondale Street Cubitt Town E14, London, UK, London, UK",51.49104640,-0.00789180,"156 Stebondale St, London E14, UK"
"101-111 Stebondale Street, Cubitt Town E14, London, UK, London, UK",51.49098690,-0.00815300,"101 Stebondale St, London E14, UK"
"38 Cayley Street, E14, London, UK, London, UK",51.51556770,-0.03819410,"Aston St, London E14 7NG, UK"
"Harford Street E1, London, UK, London, UK",51.52068330,-0.03897870,"Harford St, London E1, UK"
"Gibbon Road, Camberwell, SE15, London, UK, London, UK",51.46732020,-0.05122950,"Gibbon Rd, London SE15, UK"
"733b, Old Kent Road, SE15, London, UK, London, UK",51.48107280,-0.05995490,"733 Old Kent Rd, London SE15 1JL, UK"
"735-737 Old Kent Road SE15, London, UK, London, UK",51.48108890,-0.05986830,"735 Old Kent Rd, London SE15 1JL, UK"
"Buchan Road, Camberwell, SE15, London, UK, London, UK",51.46563060,-0.05331920,"Buchan Rd, London SE15, UK"
"Lewisham high Street SE13, London, UK, London, UK",51.45795000,-0.01312470,"Lewisham High St, London SE13, UK"
"Lower Road, Rotherhithe, SE16, London, UK, London, UK",51.49469060,-0.05020680,"Lower Rd, London SE16, UK"
"A Yard, Millwall Dock E14, London, UK, London, UK",51.49635150,-0.02427450,"Millwall Dock Rd, London E14, UK"
"84a, West Ferry Road, Millwall E14, London, UK, London, UK",51.49857150,-0.02606590,"84 Westferry Rd, London E14 8JE, UK"
"Dunoon Road, Forest Hill, SE23, London, UK, London, UK",51.44752480,-0.05186560,"Dunoon Rd, London SE23, UK"
"Knoyle Street, New Cross, SE14, London, UK, London, UK",51.48212800,-0.04105820,"Knoyle St, London SE14, UK"
"Mornington Road, Bow E3, London, UK, London, UK",51.52722110,-0.02416550,"Mornington Grove, Bow, London E3, UK"
"32, Devas Street, Poplar E14, London, UK, London, UK",51.52320240,-0.01448700,"32 Devas St, London E3 3LN, UK"
"45-47 Mile End Road, Stepney, E1, London, UK, London, UK",51.52078530,-0.05313960,"45 Mile End Rd, Bethnal Green, London E1, UK"
"Spert St, London, UK
Tower Hamlets, London E14 8EB, London, UK, London, UK",51.51039640,-0.04052800,"Spert St, London E14 8EB, UK"
"13 Bartham Road, Brockley, SE4, London, UK, London, UK",51.45288720,-0.03952860,"13 Bartram Rd, London SE4 2DQ, UK"
"Bow Road, Bow E3, London, UK, London, UK",51.52751310,-0.02350280,"Bow Rd, Bow, London E3, UK"
"62 Ashton Street E14, London, UK, London, UK",51.51089050,-0.00833140,"62 Ashton St, London E14 0EW, UK"
"Cottage Street, Poplar, E14, London, UK, London, UK",51.50984360,-0.01472020,"Cottage St, London E14, UK"
"Commercial Rd, Poplar, Greater London E1, London, UK, London, UK",51.51224390,-0.02953250,"Commercial Rd, London, UK"
"51 Lewisham Hill, SE13, London, UK, London, UK",51.46800750,-0.00921270,"51A Lewisham Hill, Blackheath, London SE13 7PL, UK"
"53 Lewisham Hill, SE13, London, UK, London, UK",51.46806190,-0.00899440,"53 Lewisham Hill, Blackheath, London SE13 7PL, UK"
"55 Lewisham Hill, SE13, London, UK, London, UK",51.46824790,-0.00901350,"55B Lewisham Hill, Blackheath, London SE13 7PL, UK"
"57 Lewisham Hill, SE13, London, UK, London, UK",51.46849600,-0.00901250,"57 Lewisham Hill, Blackheath, London SE13 7PL, UK"
"Carlton Works, Glengall Grove, Millwall, E14, London, UK, London, UK",51.49565560,-0.01240220,"Glengall Grove, London E14, UK"
"309, New Cross Road, New Cross SE14, London, UK, London, UK",51.47571390,-0.03776360,"309 New Cross Rd, London SE14 6AS, UK"
"Woolwich Road, Charlton, SE10, London, UK, London, UK",51.48612160,0.01318970,"Woolwich Rd, London SE10, UK"
"72, Codrington Hill, Forest Hill, SE23, London, UK, London, UK",51.44858070,-0.03565690,"72 Codrington Hill, London SE23 1ND, UK"
"5 Stondon Park, Forest Hill, SE23, London, UK, London, UK",51.45158960,-0.03931590,"5 Stondon Park, London SE23 1LB, UK"
"24 Codrington Hill, Forest Hill, SE23, London, UK, London, UK",51.44786560,-0.03903640,"24 Codrington Hill, London SE23 1LW, UK"
"14, Glaskin Mews E9, London, UK, London, UK",51.54128800,-0.04111140,"London E9, UK"
"Methodist Church, Stebondale Street, Cubitt Town E14. 151-163 Stebondale Street Cubitt Town E14. 100-124 Stebondale Street Cubitt Town E14, London, UK, London, UK",51.49098690,-0.00815300,"151 Stebondale St, London E14, UK"
"North Side, Import Dock, West India Docks E14, London, UK, London, UK",51.50252346,-0.01832474,"South Dock, London E14, UK"
"Lying at North Side Import Dock, West India Docks E14, London, UK, London, UK",51.50252346,-0.01832474,"South Dock, London E14, UK"
"Masters Street E1, London, UK, London, UK",51.51931250,-0.04092390,"Master's St, London E1, UK"
"Tidey Street E14, London, UK, London, UK",51.51963970,-0.02194710,"Tidey St, London E3, UK"
"Street Paul's Way, E3, London, UK, London, UK",51.51718700,-0.02973850,"St Paul's Way, London, UK"
"Raine Street, Tower Hamlets, London E1W, London, UK, London, UK",51.50640190,-0.05775070,"Raine St, London E1W, UK"
"272 New Cross Road, SE15, London, UK, London, UK",51.47491230,-0.03966290,"272 New Cross Rd, London SE14 6AA, UK"
"Aston Street E14, London, UK, London, UK",51.51085740,-0.00865930,"Ashton St, London E14, UK"
"West Ferry Road, Millwall E14, London, UK, London, UK",51.49830220,-0.02589880,"Westferry Rd, London E14, UK"
"Stockholme Street, Rotherhithe, SE16, London, UK, London, UK",51.48508050,-0.05154280,"Stockholm Rd, London SE16, UK"
"Samudas Wharf, Manchester Road, Cubitt Town, E14, London, UK, London, UK",51.49816870,-0.00883520,"Manchester Rd, London E14 3ZT, UK"
"Leven Street, Poplar, E14, London, UK, London, UK",51.51541950,-0.00504140,"Leven Rd, Aberfeldy Village, London E14, UK"
"St. Leonard's Wharf, Brunswick Road, Poplar E14, London, UK, London, UK",51.51230740,-0.00766770,"Brunswick Rd, London E14, UK"
"Narrow Street, Limehouse, E14, London, UK, London, UK",51.50987110,-0.03825320,"Narrow St, London E14, UK"
"45 Yatton street, Poplar, E14, London, UK, London, UK",51.50975020,-0.01759500,"London E14, UK"
"583, Commercial Road, Stepney E1, London, UK, London, UK",51.51326510,-0.04293240,"583 Commercial Rd, Ratcliff, London E1 0HJ, UK"
"South Side Coal Wharf, Mile End Road E3, London, UK, London, UK",51.52566650,-0.03211040,"Mile End Rd, London E3, UK"
"Selsey Street E14, London, UK, London, UK",51.51714260,-0.02433520,"Selsey St, London E14, UK"
"333/339, Mile End Road E1, London, UK, London, UK",51.52401130,-0.03837600,"333, 339 Mile End Rd, Bethnal Green, London E1 4NS, UK"
"Mile End Road, E, London, UK, London, UK",51.52250740,-0.04184500,"Mile End Rd, London, UK"
"Advance House, Talwin Street, Bromley E3, London, UK, London, UK",51.52539550,-0.01370360,"Talwin St, London E3, UK"
"94 St.Leonard's Road, Poplar, E14, London, UK, London, UK",51.51422690,-0.00937560,"94 St. Leonards Rd, London E14 0QU, UK"
"Tooke Street, Millwall E14, London, UK, London, UK",51.49810020,-0.02554400,"165 Westferry Rd, London E14 8NH, UK"
"11 Tooke Street, Millwall E14, London, UK, London, UK",51.49810020,-0.02554400,"165 Westferry Rd, London E14 8NH, UK"
"Street Leonards Road, Poplar, E14, London, UK, London, UK",51.51543860,-0.01106820,"St. Leonards Rd, London E14, UK"
"Import Dock, East India Docks, Poplar E14, London, UK, London, UK",51.50252346,-0.01832474,"South Dock, London E14, UK"
"Street Leonard's Road, Poplar E14, London, UK, London, UK",51.51543860,-0.01106820,"St. Leonards Rd, London E14, UK"
"Eastern Dock, 10 Warehouse, London Dock, E1, London, UK, London, UK",51.51160920,-0.02754700,"10 E India Dock Rd, London E14 6JJ, UK"
"St. James' Church, St. James'  Road, Newcross, SE14, London, UK, London, UK",51.47371200,-0.03823800,"Hatcham Church Hall, St James's, London SE14 6AD, UK"
"Commercial Road, Stepney  E1, London, UK, London, UK",51.51437380,-0.05593020,"Commercial Rd, London E1, UK"
"122 Lewisham High Street, Lewisham SE13, London, UK, London, UK",51.46197130,-0.01116030,"122 Lewisham High St, London SE13 6JG, UK"
"Dundee Wharf, Limehouse, E14, London, UK, London, UK",51.50806550,-0.02997320,"Dundee Wharf, London E14, UK"
"566, Cable Street , Stepney E1, London, UK, London, UK",51.51148770,-0.04271040,"Thames House, 566 Cable St, London E1W 3HB, UK"
"24, Maria Street, Millwall E14, London, UK, London, UK",51.49890920,-0.02455190,"Millwall, London E14, UK"
"52 Malabar Street, Millwall, E14, London, UK, London, UK",51.49858920,-0.02401580,"52 Malabar St, London E14, UK"
"733, Old Kent Road, SE15, London, UK, London, UK",51.48107280,-0.05995490,"733 Old Kent Rd, London SE15 1JL, UK"
"Morant St, London, UK
Poplar, Greater London E14, London, UK, London, UK",51.51013990,-0.02197690,"Morant St, London E14, UK"
"Harford Street, Stepney, E1, London, UK, London, UK",51.52068330,-0.03897870,"Harford St, London E1, UK"
"13 Laurie Grove, Deptford, SE14, London, UK, London, UK",51.47478500,-0.03710050,"13 Laurie Grove, London SE14 6NH, UK"
"Town Hall, Newcross, SE14, London, UK, London, UK",51.47632220,-0.03229430,"New Cross, New Cross station, Greater, off Amersham Vale, New Cross Rd, London SE14 6LD, UK"
"Vesta Road, Newcross, SE14, London, UK, London, UK",51.46876650,-0.03771430,"Vesta Rd, London SE14, UK"
"131 Pepy's Road, Newcross, SE14, London, UK, London, UK",51.46902060,-0.04464720,"131 Pepys Rd, London SE14 5SE, UK"
"129 Pepy's Road, Newcross, SE14, London, UK, London, UK",51.46893030,-0.04384560,"129 Pepys Rd, London SE14 5SE, UK"
"123 Pepy's Road, Newcross, SE14, London, UK, London, UK",51.46916710,-0.04412190,"123B Pepys Rd, London SE14 5SE, UK"
"97 Pepy's Road, Newcross, SE14, London, UK, London, UK",51.47006170,-0.04407980,"97A Pepys Rd, London SE14 5SE, UK"
"23 Pepy's Road, Newcross, SE14, London, UK, London, UK",51.47290730,-0.04512920,"23 Pepys Rd, London SE14 5SA, UK"
"91 Pepy's Road, Newcross, SE14, London, UK, London, UK",51.47026310,-0.04424520,"91 Pepys Rd, London SE14 5SE, UK"
"53 Stewart Road, Nunhead, SE15, London, UK, London, UK",51.45850880,-0.05203940,"53 Stuart Rd, London SE15 3BE, UK"
"poplar Docks, Preston Road, Poplar, E14, London, UK, London, UK",51.50634350,-0.00794770,"Boardwalk Pl, London E14 5SH, UK"
"21 Pepy's Road, Newcross, SE14, London, UK, London, UK",51.47302250,-0.04506360,"21 Pepys Rd, London SE14 5SA, UK"
"29 Pepy's Road, Newcross, SE14, London, UK, London, UK",51.47270870,-0.04503530,"29 Pepys Rd, London SE14 5SA, UK"
"Newcross Gate, Newcross, SE14, London, UK, London, UK",51.47503680,-0.04034210,"New Cross Gate, New Cross Rd, London SE14 6AR, UK"
"104 Skidmore street. Stepney, E1, London, UK, London, UK",51.52222540,-0.04915740,"Stepney, London E1, UK"
"Deptford Church Street, SE8, London, UK, London, UK",51.47783320,-0.02277760,"Deptford Church St, London SE8, UK"
"Coutts Road E.3, London, UK, London, UK",51.50721780,-0.12758620,"London, UK"
"North Quay, West, India Docks, E14, London, UK, London, UK",51.50252346,-0.01832474,"South Dock, London E14, UK"
"141 Jeringham Road, Newcross SE14, London, UK, London, UK",51.46992410,-0.04164910,"141 Jerningham Rd, London SE14 5NJ, UK"
"150 Jeringham Road, Newcross SE14, London, UK, London, UK",51.46891920,-0.04336290,"150A Jerningham Rd, London SE14 5NL, UK"
"165 Jeringham Road, Newcross SE14, London, UK, London, UK",51.46869620,-0.04290390,"165 Jerningham Rd, London SE14 5NJ, UK"
"Newcross Road, Opposite tram depot, Newcross SE14, London, UK, London, UK",51.47574630,-0.03535750,"New Cross Rd, London SE14, UK"
"146 Jeringham Road Newcross, SE14, London, UK, London, UK",51.46907360,-0.04323600,"146 Jerningham Rd, London SE14 5NL, UK"
"24 Lewisham Way, Lewisham SE, London, UK, London, UK",51.46874080,-0.02772390,"24 Lloyd Villas, Lewisham Way, London SE4 1US, UK"
"123 St. Asaph's Rpad, Brokeley, SE4, London, UK, London, UK",51.46461220,-0.04287610,"123 St Asaph Rd, London SE4 2DZ, UK"
"87 Foxberry Road, Brockley, SE4, London, UK, London, UK",51.46154540,-0.03612260,"87 Foxberry Rd, London SE4 2SS, UK"
"2-8 Odessa Street, Rotherhithe Street Se16, London, UK, London, UK",51.49846550,-0.03420840,"2 Odessa St, London SE16 5UH, UK"
"South Wharf River, Ambulance Service, Rotherhithe Street, SE16, London, UK, London, UK",51.50439330,-0.04576960,"Rotherhithe St, London SE16, UK"
"2-119 Elgar Street, Rotherhithe, SE16, London, UK, London, UK",51.49789800,-0.03574190,"2 Elgar St, London SE16 7QF, UK"
"591, Commercial Road, Stepney E1, London, UK, London, UK",51.51298030,-0.04188690,"591 Commercial Rd, Stepney Green, London E1 0HJ, UK"
"91 Shandy Street, Stepney, E1, London, UK, London, UK",51.52072690,-0.04124800,"91 Shandy St, London E1 4ST, UK"
"83 Ernest Street, Stepney, E1, London, UK, London, UK",51.52157140,-0.04201550,"83 Ernest St, London E1, UK"
"61 Ernest Street, Stepney E1, London, UK, London, UK",51.52157140,-0.04201550,"61 Ernest St, London E1, UK"
"15 Shandy Street, E1, London, UK, London, UK",51.52056970,-0.04239330,"e1, 15 Shandy St, London E1 4LX, UK"
"112 Harford Street, Stepney E1, London, UK, London, UK",51.51996990,-0.03886340,"112 Harford St, London E1 4RL, UK"
"66 Shandy Street, Stepney E1, London, UK, London, UK",51.52033050,-0.04269880,"66 Shandy St, London E1 3NP, UK"
"91 Stebondale Street, Cubbitt Town, E14, London, UK, London, UK",51.49098690,-0.00815300,"91 Stebondale St, London E14, UK"
"St. John's  Church, Woodman Street, North Woolwich, E16, London, UK, London, UK",51.50126590,0.06692530,"Woodman St & Church St, London E16 2NF, UK"
"116 Erlanger Road, Newcross, SE14, London, UK, London, UK",51.46998720,-0.04643520,"116 Erlanger Rd, London SE14 5TJ, UK"
"102 Erlanger Road, Newcross, SE14, London, UK, London, UK",51.47047260,-0.04659850,"102 Erlanger Rd, London SE14 5TH, UK"
"4 Brandham Road, Lee SE12, London, UK, London, UK",51.44933310,0.02048370,"Lee, London, UK"
"2 Brandham Road Lee SE12, London, UK, London, UK",51.44933310,0.02048370,"Lee, London, UK"
"1 Brandham Road Lee SE12, London, UK, London, UK",51.44933310,0.02048370,"Lee, London, UK"
"Dowanhill Road, Catford, SE6, London, UK, London, UK",51.44012760,-0.00882650,"Dowanhill Rd, London SE6, UK"
"Berger Hall Empson Street, Bromley-by-Bow E3, London, UK, London, UK",51.52782080,-0.01283730,"Bromley By Bow, London, UK"
"31, 33, and 35, Venue St, Poplar E14 , London, UK, London, UK",51.51902430,-0.01212300,"35 Venue St, London E14 6QA, UK"
"Venue Street, Tower Hamlets, London E14 6QA, London, UK, London, UK",51.51902800,-0.01207280,"Venue St, London E14 6QA, UK"
"7 Birkhall Road, Catford SE6, London, UK, London, UK",51.43947060,-0.00389840,"7A Birkhall Rd, London SE6 1TF, UK"
"403-405 East India Dock Road, Poplar E14, London, UK, London, UK",51.51287440,-0.00020940,"403 E India Dock Rd, London E14 0GJ, UK"
"Shandy Street, E.1, London, UK, London, UK",51.52030440,-0.04375520,"1 Shandy St, London E1 4LX, UK"
"Blackheath SE10, London, UK, London, UK",51.48084960,-0.00292900,"London SE10, UK"
"Blackheath Hill, Blackheath Se10, London, UK, London, UK",51.47274910,-0.00858290,"Blackheath Hill, Blackheath, London SE10, UK"
"7 Braywood Road, Eltham SE9, London, UK, London, UK",51.45845780,0.08239530,"7 Braywood Rd, London SE9 2RH, UK"
"Mile End RD E, London, UK, London, UK",51.52250740,-0.04184500,"Mile End Rd, London, UK"
"Narrow Street, Stepney E1, London, UK, London, UK",51.50943900,-0.03582270,"Narrow St, London E14, UK"
"Ormside Street, Camberwell, SE15, London, UK, London, UK",51.48311010,-0.05562800,"Ormside St, London SE15, UK"
"65 Drakefell Road, Brokeley, SE4, London, UK, London, UK",51.46635300,-0.04547680,"65 Drakefell Rd, London SE14, UK"
"Sheridan Street Stepney E1, London, UK, London, UK",51.52222540,-0.04915740,"Stepney, London E1, UK"
"150 Erlanger Road, Newcross, SE14, London, UK, London, UK",51.46926990,-0.04624230,"150 Erlanger Rd, London SE14 5TJ, UK"
"Shadwell Lane, Stepney E1, London, UK, London, UK",51.51171680,-0.05504530,"Shadwell Pl, London E1, UK"
"63 Cressingham Road, Lewisham, SE13, London, UK, London, UK",51.46475240,-0.00767180,"63 Cressingham Rd, Blackheath, London SE13 5AQ, UK"
"64 Wickham Road, Brockley, SE4, London, UK, London, UK",51.46449100,-0.03214150,"64 Wickham Rd, London SE4 1LS, UK"
"24 Oldfield Road, Rotherhithe, SE16, London, UK, London, UK",51.49057050,-0.04651960,"24 Oldfield Grove, London SE16 2TA, UK"
"13 Pedro St, Clapton E5, London, UK, London, UK",51.55621430,-0.04028800,"13 Pedro St, Lower Clapton, London E5 0BQ, UK"
"Street Leonard's Avenue, Poplar E14, London, UK, London, UK",51.52602710,-0.01153820,"St Leonard's St, London E14, UK"
"Millwall Recreation Ground, E14, London, UK, London, UK",51.51092940,-0.01656360,"Poplar Recreation Ground / Poplar Station (Stop E), London E14 0AE, UK"
"Globe Rope Works, East Ferry Road, , Millwall E14, London, UK, London, UK",51.49352160,-0.01444010,"E Ferry Rd, London E14, UK"
"A Yard Millwall Docks, E14, London, UK, London, UK",51.49890920,-0.02455190,"London E14 8LH, UK"
"Cantrell Road, E3, London, UK, London, UK",51.52167350,-0.02685580,"Cantrell Rd, London E3, UK"
"Yeoman Street, Deptford SE8, London, UK, London, UK",51.49170780,-0.03961320,"Yeoman St, London SE8, UK"
"31 Preston Street, Bethnal Green, E2, London, UK, London, UK",51.54797940,-0.24927580,"31 Preston Gardens, London NW10 9EJ, UK"
"Vesey Street, Poplar E14, London, UK, London, UK",51.51057620,-0.01342260,"Vesey Path, London E14, UK"
"Brunswick Square, WC1, London, UK, London, UK",51.52423560,-0.12258320,"Brunswick Square, London WC1N, UK"
"Tamar Street, Charlton, SE7, London, UK, London, UK",51.49229020,0.04530830,"Tamar St, London SE7, UK"
"Holbeach Road Catford, SE6, London, UK, London, UK",51.44727080,-0.02208180,"Holbeach Rd, London SE6, UK"
"Catford Greyhound Staium, Catford SE6, London, UK, London, UK",51.43620680,-0.01754870,"London SE6, UK"
"Mountsfeild park, Catford SE6, London, UK, London, UK",51.44741760,-0.00955650,"Mountsfield Park, The Lodge, Stainton Rd, London SE6 1AN, UK"
"7, King John Street, Poplar, Greater London, E1 3, London, UK, London, UK",51.51755900,-0.04384140,"King John St, Stepney Green, London E1, UK"
"276 Newcros Road, Newcross SE14, London, UK, London, UK",51.47511190,-0.03945500,"276 New Cross Rd, London SE14, UK"
"131, Street Leonards Street, Leonards RD, Poplar, E14, London, UK, London, UK",51.51543860,-0.01106820,"St. Leonards Rd, London E14, UK"
"Emmott Street E1, London, UK, London, UK",51.52203450,-0.03758920,"Emmott Cl, London E1, UK"
"Molassine Wharf, Greenwich, SE, London, UK, London, UK",51.48084960,-0.00292900,"London SE10, UK"
"Newcross Gate Railway Station, Newcross, SE14, London, UK, London, UK",51.47503680,-0.04034210,"New Cross Gate, New Cross Rd, London SE14 6AR, UK"
"1-6 Old Field Road, Rotherine, Se16, London, UK, London, UK",51.49085480,-0.04675260,"1 Oldfield Grove, London SE16 2NA, UK"
"103 Skidmore Street, Stepney E1, London, UK, London, UK",51.52222540,-0.04915740,"Stepney, London E1, UK"
"30 East Ferry Road, Cubitt Town, E14, London, UK, London, UK",51.49889490,-0.01059610,"30 E Ferry Rd, London E14 3LA, UK"
"Grace Street, Bromley, E3, London, UK, London, UK",51.52637800,-0.01319930,"Grace St, London E3, UK"
"14 Talwin Street, Bromley E3, London, UK, London, UK",51.52561850,-0.01257390,"14 Talwin St, London E3, UK"
"16 Talwin Street, Bromley, E3, London, UK, London, UK",51.52517270,-0.01494570,"16 Talwin St, London E3 3NP, UK"
"63 Stebondale Street, Cubitt Town, E14, London, UK, London, UK",51.49036270,-0.00845910,"63 Stebondale St, London E14 3BX, UK"
"Glengall Grove, E14, London, UK, London, UK",51.49565560,-0.01240220,"Glengall Grove, London E14, UK"
"174 Glengall grove, Cubitt Town, E14, London, UK, London, UK",51.49614380,-0.01360070,"174 Glengall Grove, London E14, UK"
"172 Glengall Grove Cubitt Town, E14, London, UK, London, UK",51.49614380,-0.01360070,"172 Glengall Grove, London E14, UK"
"Alfred Street, Bow, E3, London, UK, London, UK",51.52822620,-0.02617280,"Alfred St, Bow, London E3, UK"
"26 Ely Terrace, Stepney E1, London, UK, London, UK",51.51865810,-0.10711280,"26 Ely Pl, London EC1N 6TD, UK"
"Heybridge Avenue, SW16, London, UK, London, UK",51.41906030,-0.12261820,"Heybridge Ave, London SW16, UK"
"176, Glengall Grove, Cubitt Town, E14, London, UK, London, UK",51.49614380,-0.01360070,"176 Glengall Grove, London E14, UK"
"171 Stebondale Street, Cubitt Town, E14, London, UK, London, UK",51.49098690,-0.00815300,"171 Stebondale St, London E14, UK"
"124 Stebondale Street, Cubitt Town, E14, London, UK, London, UK",51.49104640,-0.00789180,"124 Stebondale St, London E14, UK"
"Purcell Place, Hackney, E9, London, UK, London, UK",51.53269320,-0.08149010,"Purcell St, London N1, UK"
"Commercial RD, E, London, UK, London, UK",51.51360930,-0.04925800,"Commercial Rd, London, UK"
"171, St. Asaph's Road, Brokerly SE4, London, UK, London, UK",51.46425460,-0.04107440,"171 St Asaph Rd, London SE4 2DY, UK"
"28 Harcourt Road, Brockley, SE4, London, UK, London, UK",51.46173220,-0.03670660,"28 Harcourt Rd, London SE4 2AJ, UK"
"Amesbury Avenue, Streatham, SW16, London, UK, London, UK",51.43790890,-0.12158250,"Amesbury Ave, London SW2, UK"
"Bancroft Rd, Tower Hamlets, London E1, London, UK, London, UK",51.52490050,-0.04393240,"Bancroft Rd, Bethnal Green, London E1, UK"
"86 Ernest Street, Stepney E1, London, UK, London, UK",51.52157140,-0.04201550,"86 Ernest St, London E1, UK"
"Pier Road, North Woolwich, E16, London, UK, London, UK",51.50042580,0.06332930,"Pier Rd, London E16, UK"
"Wearside Road, Lewisam, SE13, London, UK, London, UK",51.45706680,-0.01611410,"Wearside Rd, London SE13, UK"
"Furze Street E3, London, UK, London, UK",51.51781170,-0.02149430,"Furze St, London E3, UK"
"Eaton Place E9, London, UK, London, UK",51.49674940,-0.15324650,"Eaton Pl, London SW1, UK"
"Silk Mills Path, Lewisham SE13, London, UK, London, UK",51.46551710,-0.01175900,"Silk Mills Path, London SE13, UK"
"60 Buckhill Road, Eltham, SE9, London, UK, London, UK",51.45063380,0.05708620,"Eltham, London SE9, UK"
"Canadian Produce Warehouse, Swedish Yard, Surrey, Commercial Docks, SE16, London, UK, London, UK",51.50721780,-0.12758620,"London, UK"
"55, Glengarnock Avenue, Cubitt town E14, London, UK, London, UK",51.48936730,-0.00689070,"55 Glengarnock Ave, London E14 3DR, UK"
"45, Glengarnock Avenue, Cubitt town E14, London, UK, London, UK",51.48935380,-0.00826700,"45 Glengarnock Ave, London E14 3BP, UK"
"34, Glengarnock Avenue, Cubbit town E14, London, UK, London, UK",51.48925230,-0.00778480,"34 Glengarnock Ave, London E14 3BP, UK"
"1 Pennyfields, London, UK
Poplar, London E14 8, London, UK, London, UK",51.50968880,-0.02497590,"LA'CHI, 1 Pennyfields, London E14 8HP, UK"
"Manchester Road, Cubitt Town E14, London, UK, London, UK",51.49447190,-0.00849490,"Manchester Rd, London E14, UK"
"Hornlane East, Greenwich SE10, London, UK, London, UK",51.48835070,0.01801860,"Horn Ln, London SE10, UK"
"Glenarm Road, Clapton, E5, London, UK, London, UK",51.55299250,-0.04655950,"Glenarm Rd, Lower Clapton, London E5, UK"
"Butcher Row. Cable Street- Stepney E1, London, UK, London, UK",51.51167060,-0.04209450,"Cable St & Butcher Row, London E1W 3EP, UK"
"Belford Grove, Woolwich, SE18, London, UK, London, UK",51.48811060,0.06063400,"Belford Grove, London SE18, UK"
"Parry Place Woolwich Se18, London, UK, London, UK",51.49038440,0.07207390,"Parry Pl, London SE18, UK"
"Burrage Road SE18, London, UK, London, UK",51.48645350,0.07354380,"Burrage Rd, London SE18, UK"
"Corborn Street, London, E3 2AB, London, UK, London, UK",51.52787340,-0.02970290,"Coborn St, Bow, London E3 2AB, UK"
"50 Ordnance Crescent, Greenwich SE10, London, UK, London, UK",51.50095220,-0.00044200,"50 Ordnance Cres, London SE10, UK"
"Canada yard, Surrey, Commercial Docks, SE16, London, UK, London, UK",51.49897140,-0.04534560,"Canada St, London SE16, UK"
"40 and 42 Blackthorn Street Bow, E3, London, UK, London, UK",51.52076730,-0.02044450,"42 Blackthorn St, London E3, UK"
"Folly House Barge Roads, Blackwall Reach, E, London, UK, London, UK",51.50875270,-0.00672160,"1A Prestage Wy, Blackwall, London E14 9QE, UK"
"Barnes Street. Redmond Lane. Old Church Road. Head Street. Caroline Street- Stepney E1, London, UK, London, UK",51.51396450,-0.04514430,"Old Church Rd, Stepney Green, London E1, UK"
"Princes Rise, Lewisham, SE13, London, UK, London, UK",51.46822260,-0.01014870,"Princes Rise, London SE13, UK"
"Lewisham Hill, Lewisham SE13, London, UK, London, UK",51.46766000,-0.00912010,"Lewisham Hill, London SE13, UK"
"Durham Row, Tower Hamlets London E1 ONP, London, UK, London, UK",51.51740860,-0.04063640,"Durham Row, London E1, UK"
"19 Boyne Road, Lewisham, SE13, London, UK, London, UK",51.46421270,-0.00805480,"19 Boyne Rd, Blackheath, London SE13 5AL, UK"
"Upper Quebec Yard, Surrey, Se16, London, UK, London, UK",51.49847190,-0.04185420,"Quebec Way, London SE16, UK"
"102 West Ferry Road, Millwall E14, London, UK, London, UK",51.49829000,-0.02589760,"102 Westferry Rd, London E14 8JE, UK"
"104 West Ferry Road, Millwall E14, London, UK, London, UK",51.49829000,-0.02589760,"104 Westferry Rd, London E14 8JE, UK"
"Glengall Wharf, Millwall E14, London, UK, London, UK",51.48258100,-0.07230440,"Glengall Wharf Garden, 64 Glengall Rd, London SE15 6NF, UK"
"Union Road, Millwall E14, London, UK, London, UK",51.46971190,-0.13193520,"Union Rd, London, UK"
"Lying at Lollar Wharf, London, UK, London, UK",51.50543060,-0.02353330,"Canary Wharf, London E14, UK"
"Hutchings Wharf, Hutchings street, West Ferry Road, Millwall E14, London, UK, London, UK",51.49894990,-0.02643050,"Hutchings Wharf, 1 Hutching's St, London E14 8JY, UK"
"Pelican Passage, Cambridge Heath Road, E1, London, UK, London, UK",51.52402090,-0.05489870,"Cambridge Heath Rd & Pelican Passage, London E1 5QJ, UK"
"Whitman Road, Bow E3, London, UK, London, UK",51.52462020,-0.03708890,"Whitman Rd, London E3, UK"
"Walker Street, E14, London, UK, London, UK",51.46456400,-0.21616800,"Walker's Pl, London SW15, UK"
"3 Orchard Place, Blackheath, SE3, London, UK, London, UK",51.46863580,-0.00214090,"3 The Orchard, Blackheath, London SE3 0QU, UK"
"Walter Terrace, Poplar, Greater London, E1 , London, UK, London, UK",51.51579460,-0.04367660,"Walter Terrace, Stepney Green, London E1, UK"
"198 Lewisham High Street, Lewisham, SE13, London, UK, London, UK",51.45934060,-0.01197930,"198 Lewisham High St, London SE13 6LG, UK"
"Otis Street, Bromley, E3, London, UK, London, UK",51.52707440,-0.01016110,"Otis St, London E3, UK"
"Trinity Wharf, Rotherhithe Street S.E.16, London, UK, London, UK",51.50439330,-0.04576960,"Rotherhithe St, London SE16, UK"
"38 Collent Street, E9, London, UK, London, UK",51.54400360,-0.04748900,"38 Collent St, London E9, UK"
"Aberdeen Wharf 94 \Wapping High Street, Tower Hamlets, London E1W 2ND, London, UK, London, UK",51.50322230,-0.05872910,"Aberdeen Wharf, 94 Wapping High St, London E1W 2ND, UK"
"St. Leonard's Street, Bromley E3, London, UK, London, UK",51.52763080,-0.01333800,"St Leonard's St, London, UK"
"St. Paul's Way, E3, London, UK, London, UK",51.51755820,-0.02829130,"St Paul's Way, London E3, UK"
"Rhodeswell Road, E, London, UK, London, UK",51.51647070,-0.03324130,"Rhodeswell Rd, London, UK"
"Timothy Road, Poplar, Greater London E3 4, London, UK, London, UK",51.52814830,-0.02054160,"London E3, UK"
"Cavell Street- Stepney E1, London, UK, London, UK",51.51692610,-0.05720040,"Cavell St, London E1, UK"
"391 Mile End Road, E, London, UK, London, UK",51.52516710,-0.03519290,"391 Mile End Rd, Bow, London E3 4QS, UK"
"Surbartic House, Larkhall lane, Clapham, SW4, London, UK, London, UK",51.47070060,-0.13171590,"Larkhall Ln, London SW4, UK"
"Folly House Buoy, Blackwall Reach, E, London, UK, London, UK",51.50875270,-0.00672160,"1A Prestage Wy, Blackwall, London E14 9QE, UK"
"Girdlers Road West Kensington w14, London, UK, London, UK",51.49581870,-0.21669330,"Girdlers Rd, London W14, UK"
"121 Vauxhall Bridge Road, Pimlico SW1, London, UK, London, UK",51.49231420,-0.13706010,"121 Vauxhall Bridge Rd, London SW1V 2SP, UK"
"65 Effra Road, Brixton SW2, London, UK, London, UK",51.45696750,-0.11321210,"Mosaic Clubhouse, 65 Effra Rd, London SW2 1BZ, UK"
"Summerley Street, Wandworth, SW18, London, UK, London, UK",51.44059880,-0.18859300,"Summerley St, London SW18, UK"
"61 Cleaver Street, SE11, London, UK, London, UK",51.48799030,-0.10952360,"61 Cleaver St, London SE11 4EA, UK"
"5 Ethelred Strret SE11, London, UK, London, UK",51.49145140,-0.11585130,"Lambeth, London SE11 6HU, UK"
"Caldecot Road, Camberwell, SE5, London, UK, London, UK",51.46972830,-0.09424220,"Caldecot Rd, London SE5, UK"
"31a Morecambe Street , SE17, London, UK, London, UK",51.48973720,-0.09271090,"31 Morecambe St, London SE17 1DX, UK"
"Browning Street, King and Queen Street, SE17, London, UK, London, UK",51.49016180,-0.09441880,"King and Queen St & Browning St, London SE17 1EH, UK"
"24 Coleridge Buildings, King and Queen Street, SE17, London, UK, London, UK",51.48944110,-0.09354680,"King and Queen St, London SE17, UK"
"43 Browing Street, SE17, London, UK, London, UK",51.49041780,-0.09414860,"43 Browning St, London SE17 1LU, UK"
"15 Manor Place, SE17, London, UK, London, UK",51.48914970,-0.09741150,"15 Manor Pl, London SE17 3BD, UK"
"Larcombe Street, SE17, London, UK, London, UK",51.48738090,-0.09237150,"London SE17, UK"
"Oldfield Grove, Rotherithe SE16, London, UK, London, UK",51.49023350,-0.04651920,"Oldfield Grove, London SE16 2TA, UK"
"99 Larkhall lane, Clapham SW4, London, UK, London, UK",51.47193800,-0.12960210,"99 Larkhall Ln, London SW4, UK"
"51 Paradise Road, Clapham, SW4, London, UK, London, UK",51.47240380,-0.12670940,"51 Paradise Rd, London SW4, UK"
"Vauxhall Bridge Road Pimlico SW1, London, UK, London, UK",51.49013080,-0.13269390,"Vauxhall Bridge Rd, Pimlico, London SW1, UK"
"7 Pembroke Gardens, Kensington w8, London, UK, London, UK",51.49532580,-0.20035350,"7 Pembroke Gardens, London W8 6HS, UK"
"Jeffreys Road, Clapham SW4, London, UK, London, UK",51.47114810,-0.12785690,"Jeffreys Rd, London SW4, UK"
"Peel House, Regency St, Horseferry Road SW1, London, UK, London, UK",51.49486280,-0.12953160,"Horseferry Rd, London SW1, UK"
"Vauxhall Walk, Lambeth, Se11, London, UK, London, UK",51.48985430,-0.12015780,"Vauxhall Walk, London SE11, UK"
"Stillington Street, Westminster, SW1, London, UK, London, UK",51.49420600,-0.13802410,"Stillington St, London SW1, UK"
"Lillington Street, Pimlico, SW1, London, UK, London, UK",51.49125370,-0.13602580,"Morgan House, 57 Vauxhall Bridge Rd, Lillington and Longmoore Gardens, London SW1V 2LF, UK"
"108, Earls Court Road, w8, London, UK, London, UK",51.49586290,-0.19689480,"108 Earls Ct Rd, London W8 6EG, UK"
"79-83c Lexham Gardens, w8, London, UK, London, UK",51.49569380,-0.19395260,"79 Lexham Gardens, London W8 5JE, UK"
"36 Willow Way, Sydenahm, SE26, London, UK, London, UK",51.43200170,-0.05909240,"36 Willow Way, London SE26 4QP, UK"
"Lydhurst Avenue, Streatham Hill, SW2, London, UK, London, UK",51.43686430,-0.11802370,"Lydhurst Ave, London SW2, UK"
"Keymer Road, SW2, London, UK, London, UK",51.43708630,-0.11971210,"Keymer Rd, London SW2, UK"
"Faygate Road, SW2, London, UK, London, UK",51.43831680,-0.12022480,"Faygate Rd, London SW2, UK"
"20 Albert Embankment, Se11, London, UK, London, UK",51.49105410,-0.12181240,"20 Albert Embankment, London SE1 7TJ, UK"
"Albert Embankment, SE11, London, UK, London, UK",51.49093570,-0.12236710,"Albert Embankment, London SE11, UK"
"Vauxhall Bridge Road, Pimlico, SW1, London, UK, London, UK",51.49013080,-0.13269390,"Vauxhall Bridge Rd, Pimlico, London SW1, UK"
"York Hill, West Norwood, SE27, London, UK, London, UK",51.43528010,-0.10628870,"York Hill, Norwood, London SE27, UK"
"Winton Lodge, Crown Lane Streatham, SW16, London, UK, London, UK",51.42314070,-0.11033880,"Crown Ln, London SW16, UK"
"Copenhagen Place, London, UK
Poplar, Greater London E14 7, London, UK, London, UK",51.51348650,-0.03134340,"Copenhagen Pl, London E14, UK"
"Bow Road E3, London, UK, London, UK",51.52751310,-0.02350280,"Bow Rd, London E3, UK"
"Salmon Lane, London, UK
Poplar, Greater London E14,, London, UK, London, UK",51.51408320,-0.03603400,"Salmon Ln, London E14, UK"
"38 Collingtree Road, SE26, London, UK, London, UK",51.42917750,-0.05633540,"38 Collingtree Rd, London SE26 4QG, UK"
"43 Ellerslie Square, Clapham SW4, London, UK, London, UK",51.45812740,-0.12784050,"Ellerslie Square Industrial Estate, Brixton Hill, London SW2, UK"
"5 Hermitage Lane, Streatham, SW16, London, UK, London, UK",51.41477390,-0.12332490,"5 Hermitage Ln, London SW16 3LH, UK"
"Stonhouse Street, Clapham, SW4, London, UK, London, UK",51.46362170,-0.13698060,"Stonhouse St, London SW4, UK"
"Alexandra Mansions, 140, Stonhouse Street, Clapham SW4, London, UK, London, UK",51.46330560,-0.13701200,"Alexandra Mansions, 140 Stonhouse St, London SW4 6BG, UK"
"Bellenden Road, Peckham, SE15, London, UK, London, UK",51.46968870,-0.07285980,"Bellenden Rd, London SE15, UK"
"18-34 and 13-39 (inclusive) (23 buildings), London, UK, London, UK",51.47294420,-0.08850650,"23, London, UK"
"Sheffield House, 3, 5 and 7 (3 buildings) , London, UK, London, UK",51.49362140,-0.28006330,"Power Rd, Chiswick, London W4 5PY, UK"
"Putney Heath, Putney SW15, London, UK, London, UK",51.45249280,-0.22950080,"Putney Heath, London SW15, UK"
"52 and 54 Danby Street, Peckham SE15, London, UK, London, UK",51.46629350,-0.07499180,"54 Danby St, London SE15 4BX, UK"
"31 Parkhouse Street, Peckham SE15, London, UK, London, UK",51.48108710,-0.08686810,"31 Parkhouse St, London SE5 7TQ, UK"
"160 Rye Lane Peckham, SE15, London, UK, London, UK",51.46790370,-0.06724460,"160 Rye Ln, London SE15 4NB, UK"
"Southamton Way, Peckham SE15, London, UK, London, UK",51.47579260,-0.07833700,"Southampton Way, London, UK"
"19 St. George's Way, Peckham SE15, London, UK, London, UK",51.48198490,-0.07715840,"19 St George's Way, London SE15 6BD, UK"
"Choumert Road, peckham SE15, London, UK, London, UK",51.46748780,-0.07241860,"Choumert Rd, London SE15, UK"
"Harris Street, Camberwell SE5, London, UK, London, UK",51.47778950,-0.08565290,"Harris St, London SE5, UK"
"Wells Way, Southwark, London SE5, United Kingdom, London, UK, London, UK",51.48107720,-0.08544620,"Wells Way, London SE5, UK"
"Bessemer Road, Camberwell, SE5, London, UK, London, UK",51.46903990,-0.09271920,"Bessemer Rd, London SE5, UK"
"88 Kennington Park Road, Se11, London, UK, London, UK",51.48814760,-0.10606080,"88 Kennington Park Rd, London SE11 4EE, UK"
"Westwood Park, Forest Hill, SE23, London, UK, London, UK",51.44580940,-0.06107920,"Westwood Park, London SE23, UK"
"Richmond Park, Roehampton, SW15, London, UK, London, UK",51.44118500,-0.27453200,"Richmond Park, Richmond, UK"
"9 Colworth Grove, Browing Street, SE17, London, UK, London, UK",51.49019280,-0.09573430,"9 Colworth Grove, London SE17 1LR, UK"
"Hayles Stret. St. George's Road, SE11, London, UK, London, UK",51.49576790,-0.10367110,"St George's Rd & Hayles St, London SE1 6EP, UK"
"Colworth Grove, Browinging Street SE17, London, UK, London, UK",51.48984240,-0.09549560,"Colworth Grove & Browning St, London SE17 1LN, UK"
"Browning Street, SE17, London, UK, London, UK",51.49010660,-0.09457620,"Browning St, London SE17, UK"
"42 Braganza Street SE17, London, UK, London, UK",51.48683830,-0.10412310,"The Kennington Workshop, 42 Braganza St, London SE17 3RJ, UK"
"77 Brook Drive, SE11, London, UK, London, UK",51.49454940,-0.10782710,"77 Brook Dr, London SE11 4TU, UK"
"4g, Chapter Strret, Westminster SW1, London, UK, London, UK",51.49184520,-0.13285210,"4 Chapter St, London SW1P 4NR, UK"
"22 Horniman Drive, Forest hill, SE23, London, UK, London, UK",51.44455530,-0.05839360,"22 Horniman Dr, London SE23 3BP, UK"
"71 Casewick Road, West Norwood, Se27, London, UK, London, UK",51.42790460,-0.10789510,"71 Casewick Rd, Norwood, London SE27 0TB, UK"
"96 Longley Road Tooting, SW17, London, UK, London, UK",51.42092180,-0.16688150,"96 Longley Rd, London SW17 9LD, UK"
"125 Wavertree Road, Streatham hill, SW2, London, UK, London, UK",51.43978580,-0.11693630,"125 Wavertree Rd, London SW2 3SN, UK"
"Morval Road, Brixton, SW2, London, UK, London, UK",51.45601620,-0.11283380,"Morval Rd, London SW2, UK"
"Barrow Road, Streamtham, SW16, London, UK, London, UK",51.42129510,-0.13308480,"Barrow Rd, London SW16, UK"
"Bladen Court, Barrow Road, SW16, London, UK, London, UK",51.42129510,-0.13308480,"Barrow Rd, London SW16, UK"
"Crescent Grove, Clapham, SW4, London, UK, London, UK",51.45977450,-0.13807580,"Crescent Grove, London SW4, UK"
"29 Tyrell Road, East Dulwich, SE2, London, UK, London, UK",51.45850900,-0.06878150,"29 Tyrrell Rd, London SE22 9NA, UK"
"Garratt Lane, Tooting, Sw17, London, UK, London, UK",51.43203400,-0.17733740,"Garratt Ln, London SW17, UK"
"71 Graveney Road, tooting SW17, London, UK, London, UK",51.42967270,-0.17017040,"71 Graveney Rd, London SW17 0EJ, UK"
"Brook Drive, Se11, London, UK, London, UK",51.49409370,-0.10695800,"Brook Dr, London SE11, UK"
"6 Boulcott Street, E1, London, UK, London, UK",51.51292970,-0.04216790,"6 Boulcott St, London E1, UK"
"12 Kingsmead Road, Streatham, SW16, London, UK, London, UK",51.43781770,-0.11164330,"12 Kingsmead Rd, London SW2 3JB, UK"
"Turguand Street, Walworth, SE17, London, UK, London, UK",51.49054300,-0.09445520,"Turquand St, London SE17, UK"
"Georgette Place Greenwich SE10, London, UK, London, UK",51.47639140,-0.00802300,"Georgette Pl, London SE10, UK"
"47 Orient Street, Kennington SE11, London, UK, London, UK",51.49428380,-0.10532700,"47 Orient St, London SE11 4SR, UK"
"41 Church Road, Brixton, SW2, London, UK, London, UK",51.54308050,-0.25420290,"41 Church Rd, London NW10 9EH, UK"
"Turner's Rd, London, UK
Tower Hamlets, London E3, London, UK, London, UK",51.51685660,-0.03214940,"Turners Rd, London E3, UK"
"Acland Street and Acland Street Streatfild Street, London, UK, London, UK",51.50721780,-0.12758620,"London, UK"
"St. Paul's Road, Islington, n1, London, UK, London, UK",51.54720320,-0.09448880,"St Paul's Rd, London N1, UK"
"Harrow Road, w2, London, UK, London, UK",51.52060570,-0.18138040,"Harrow Rd, London W2, UK"
"42 Norman Road, Greenwich, SE10, London, UK, London, UK",51.47934860,-0.01715580,"42 Norman Rd, London SE10 9FX, UK"
"293 Leighham Court Road, Streatham, SW16, London, UK, London, UK",51.42812540,-0.11440990,"293 Leigham Ct Rd, Norwood, London SW16 2RZ, UK"
"218 Leigham Court Road, Streatham, Sw16, London, UK, London, UK",51.42895160,-0.11472010,"218 Leigham Ct Rd, London SW16 2RB, UK"
"190 Underhill Road, East Dulwich, SE22, London, UK, London, UK",51.45356510,-0.06719860,"190 Underhill Rd, London SE22, UK"
"Garratt Lane, Tooting SW17, London, UK, London, UK",51.43203400,-0.17733740,"Garratt Ln, London SW17, UK"
"Crownstone Road, Brixton, SW2, London, UK, London, UK",51.45584640,-0.11521030,"Crownstone Rd, London SW2, UK"
"Longfellow Road e3, London, UK, London, UK",51.57541370,-0.02587130,"Longfellow Rd, London E17, UK"
"110 Kimberlet Avenue, Camberwell SE15, London, UK, London, UK",51.46635210,-0.05358450,"110 Kimberley Ave, London SE15 3XG, UK"
"Riverside Greenwich SE10, London, UK, London, UK",51.49337870,0.02678570,"Riverside, London SE7, UK"
"Parkhouse Street, Peckham, SE15, London, UK, London, UK",51.48076960,-0.08719190,"Parkhouse St, London SE5, UK"
"Maudsley Hospital, Denmark Hill, Southwark, London SE5 8AZ, London, UK, London, UK",51.46875900,-0.09200930,"Denmark Hill, London SE5 8AZ, UK"
"1 Uffington Road, West Noorwood, SE27, London, UK, London, UK",51.42900830,-0.11201780,"1 Uffington Rd, Norwood, London SE27 0RW, UK"
"900 Garratt Lane, Tooting, SW17, London, UK, London, UK",51.42929670,-0.17224510,"900 Garratt Ln, London SW17 0NB, UK"
"112 Downton Avenue, Streatham Hill, SW2, London, UK, London, UK",51.43923690,-0.11942780,"112 Downton Ave, London SW2 3TT, UK"
"Hillside Road, Tulse Hill, SW2, London, UK, London, UK",51.43923200,-0.11507320,"Hillside Rd, London SW2, UK"
"52 Palace Road, Tulse Hill, SW2, London, UK, London, UK",51.43975550,-0.11528100,"52 Palace Rd, London SW2 3NJ, UK"
"Leigham Courrt Road, Streatham SW16, London, UK, London, UK",51.43332120,-0.11931300,"Leigham Ct Rd, London SW16, UK"
"45 Furthergreen Road, Catford, SE13, London, UK, London, UK",51.44256390,0.00510960,"45 Further Green Rd, London SE6 1JG, UK"
"4 Knatchbull Road, Camberwell, SE5, London, UK, London, UK",51.47448690,-0.09831590,"4 Knatchbull Rd, London SE5 9QS, UK"
"20 County Grove,  SE5, London, UK, London, UK",51.47497730,-0.09813600,"20 County Grove, London SE5 9LE, UK"
"County Grove SW5, London, UK, London, UK",51.47543160,-0.09869910,"County Grove, London SE5, UK"
"Sandmere Road, Clapham, SW4, London, UK, London, UK",51.46239810,-0.12569850,"Sandmere Rd, London SW4, UK"
"Acre Lane, Brixton, SW2, London, UK, London, UK",51.45972870,-0.12217250,"Acre Ln, London SW2, UK"
"22-24, Pllumstead Road, Plumstead SE18, London, UK, London, UK",51.49080160,0.07239080,"22 Plumstead Rd, London SE18 7BZ, UK"
"29-65 Haddo Street, Greenwich SE10, London, UK, London, UK",51.48044200,-0.01389450,"29 Haddo St, London SE10 9RN, UK"
"253 Leigham Court Road, Streatham, SW16, London, UK, London, UK",51.43036030,-0.11398250,"253 Leigham Ct Rd, Norwood, London SW16 2SB, UK"
"Flat 5, 17, Cranworth Gardens, Brixton, SW9, London, UK, London, UK",51.47559670,-0.11387600,"5, 17 Cranworth Gardens, London SW9 0NS, UK"
"Clinton Road, Tower Hamlets London E3, London, UK, London, UK",51.52693200,-0.03727500,"Clinton Rd, Bow, London E3, UK"
"Southwark, London SE1, London, UK, London, UK",51.50278100,-0.08773800,"Southwark, London SE1 3SS, UK"
"Newington Causeway, London SE1, , London, UK, London, UK",51.49736580,-0.09890490,"Newington Causeway, London SE1, UK"
"Caldwell Street, Brixton SW9, London, UK, London, UK",51.47695930,-0.11482820,"Caldwell St, London SW9, UK"
"Caldwell St, London, UK
Lambeth, London SW9, London, UK, London, UK",51.47695930,-0.11482820,"Caldwell St, London SW9, UK"
"157 Ernest Street, E1, London, UK, London, UK",51.52159000,-0.04192590,"Ernest St, London E1, UK"
"Emmett Street E14, London, UK, London, UK",51.50975020,-0.01759500,"London E14, UK"
"Odessa St, Southwark, London SE16, London, UK, London, UK",51.49777250,-0.03375780,"Odessa St, London SE16, UK"
"Bazeley Street, Poplar E14, London, UK, London, UK",51.50997740,-0.01089170,"Bazely St, London E14, UK"
"4 Southey Road, Brixton SW9, London, UK, London, UK",51.47622080,-0.11314730,"4 Southey Rd, London SW9 6BA, UK"
"Southey Road, Brixton SW9, London, UK, London, UK",51.47623870,-0.11354450,"Southey Rd, London SW9, UK"
"146-150, Brixton Road, SW9, London, UK, London, UK",51.47540730,-0.11277100,"146 Brixton Rd, London SW9, UK"
"Brixton Road, Brixton SW9, London, UK, London, UK",51.47119890,-0.11257540,"Brixton Rd, London SW9, UK"
"Pratt Walk, London, UK
Lambeth, London SE11, London, UK, London, UK",51.49464260,-0.11716980,"Pratt Walk, London SE11, UK"
"56 Rogers Road, Tooting, SW17, London, UK, London, UK",51.43143640,-0.17257120,"56 Rogers Rd, London SW17 0EA, UK"
"18 Hereford Street, Bethnal Green, e2, London, UK, London, UK",51.52416300,-0.06590040,"18 Hereford St, London E2 6EX, UK"
"Devons RD E3, London, UK, London, UK",51.52216000,-0.01829370,"Devons Rd, London E3, UK"
"Cantrell RD E3, London, UK, London, UK",51.52167350,-0.02685580,"Cantrell Rd, London E3, UK"
"Drawdrock Road, Tunnel Avenue, Greenwich SE10, London, UK, London, UK",51.49286780,0.00716580,"Tunnel Ave, London SE10, UK"
"Lying at Pipers Wharf, Riverside, Greenwich, SE10, London, UK, London, UK",51.49337870,0.02678570,"Riverside, London SE7, UK"
"Sandford Street SE14, London, UK, London, UK",51.48003070,-0.04102410,"Sanford St, London SE14, UK"
"Culloden Street, E14, London, UK, London, UK",51.51371710,-0.00782580,"Culloden St, Aberfeldy Village, London E14 0PD, UK"
"239 East India Dock Road, Poplar, E14, London, UK, London, UK",51.51148880,-0.01065540,"239 E India Dock Rd, London E14 0EG, UK"
"Lower Buoy, Limehouse Reach E, London, UK, London, UK",51.51105980,-0.03666520,"Limehouse, London, UK"
"Nunhead Lane, Camberwell SE15, London, UK, London, UK",51.46423840,-0.06107160,"Nunhead Ln, London SE15, UK"
"Lollard Street SE11, London, UK, London, UK",51.49224080,-0.11355700,"Lollard St, London SE11, UK"
"87 York Road, Lambeth SE1, London, UK, London, UK",51.50187410,-0.11656070,"87 York Rd, London SE1 7NJ, UK"
"747, Commercial RD E14, London, UK, London, UK",51.51261850,-0.03237490,"Mission Bldg, 747 Commercial Rd, London E14 7LE, UK"
"38 Hundson Road, Newcross SE14, London, UK, London, UK",51.46741970,0.13819320,"38 Hudson Rd, Bexleyheath DA7 4PQ, UK"
"Greenfield Street, Deptford, SE8, London, UK, London, UK",51.48079880,-0.02310990,"Deptford, London, UK"
"20 Hereford Street, Bethnal Green, E2, London, UK, London, UK",51.52416300,-0.06590040,"20 Hereford St, London E2 6EX, UK"
"Silwood Street Rotherhithe Se16, London, UK, London, UK",51.48862220,-0.05079350,"Silwood St, London SE16, UK"
"Island Row E14, London, UK, London, UK",51.51179570,-0.03386580,"Island Row, London E14, UK"
"Gallions Reach, Woolwich, S.E, London, UK, London, UK",51.51660020,0.07838270,"3 Armada Wy., London E6 7ER, UK"
"47 Ordnance Crescent, Greenwich  SE10, London, UK, London, UK",51.50095220,-0.00044200,"47 Ordnance Cres, London SE10, UK"
"Berkshire Eoad, Hackney Wick E9, London, UK, London, UK",51.54511250,-0.02571680,"Berkshire Rd, London E9, UK"
"9 Franklin Street, Bromley, E3, London, UK, London, UK",51.52773400,-0.01213240,"9 Franklin St, London E3 3DG, UK"
"Trinity Wharf Buoy, Limehouse Reach. E., London, UK, London, UK",51.50841940,0.00884370,"64 Orchard Pl, London E14 0JW, UK"
"Rotherhithe Wharf, Rotherhithe Street, lower Pool, S.E, London, UK, London, UK",51.50439330,-0.04576960,"Rotherhithe St, London SE16, UK"
"Commercial Dock Pier, Rotherhithe Street, Limehouse Reach, S.E, London, UK, London, UK",51.50439330,-0.04576960,"Rotherhithe St, London SE16, UK"
"Evelina Road, Camberwell, SE15, London, UK, London, UK",51.46763750,-0.05413890,"Evelina Rd, London SE15, UK"
"4 Stangate Street SE1, London, UK, London, UK",51.61974620,-0.31343470,"4 Stangate Gardens, Stanmore HA7 3BL, UK"
"Victoria Way Charlton, 266, Woolwich Road, Charlton, SE7, London, UK, London, UK",51.48715760,0.02456870,"266 Woolwich Rd, London SE7, UK"
"1-9 Seward Street, EC1, London, UK, London, UK",51.52608460,-0.09922130,"1 Seward St, London EC1V 3NY, UK"
"114 Lower March, Lambeth, Se11, London, UK, London, UK",51.50091430,-0.11308710,"114 Lower Marsh, London SE1 7AE, UK"
"30 Rashmore Road, Charlton, SE7. 28, London, UK, London, UK",51.55511110,-0.05190140,"30 Rushmore Rd, Lower Clapton, London E5, UK"
"63, Chancery lane, WC1, London, UK, London, UK",51.51768860,-0.11345420,"63 Chancery Ln, London WC2A 1AF, UK"
"4, Southampton Buildings WC1, London, UK, London, UK",51.51730120,-0.11225520,"4 Southampton Buildings, London WC2A 1HL, UK"
"Grays Inn Road WC1, London, UK, London, UK",51.52467390,-0.11624010,"Grays Inn Rd, London, UK"
"Hollydale Road, Peckham, SE15, London, UK, London, UK",51.47204200,-0.05724590,"Hollydale Rd, London SE15, UK"
"Hollydale Road, Peckham SE15, London, UK, London, UK",51.47204200,-0.05724590,"Hollydale Rd, London SE15, UK"
"66 Hundson Road, Newcross, SE14, London, UK, London, UK",51.46961780,0.13803080,"66 Hudson Rd, Bexleyheath DA7 4PJ, UK"
"181 Wellmeadow Road, Catford, SE6, London, UK, London, UK",51.43940090,0.00303600,"181 Wellmeadow Rd, London SE6 1HR, UK"
"Alnwick Road Eltham Se12, London, UK, London, UK",51.44541980,0.02596790,"Alnwick Rd, London SE12, UK"
"34 Winn Road Lee, SE12, London, UK, London, UK",51.44221740,0.02248490,"34 Winn Rd, London SE12 9EX, UK"
"31-37 Abernethy Road Lewisham Se13, London, UK, London, UK",51.45753010,0.00154330,"31 Abernethy Rd, London SE13 5QJ, UK"
"216 Goswel Road, EC1, London, UK, London, UK",51.52756850,-0.09994560,"ec1, 216 Goswell Rd., London EC1V 7HJ, UK"
"Strand WC2, London, UK, London, UK",51.50735090,-0.12775830,"Martlett Ct, London WC2N 5DU, UK"
"240 Goswell Road, EC1, London, UK, London, UK",51.52809530,-0.10053500,"ec1, 240 Goswell Rd., London EC1V 7AP, UK"
"107-111, Newington Butts, SE11, London, UK, London, UK",51.49247840,-0.10113170,"107 Newington Butts, London SE1 6SF, UK"
"133-139 Newington Butts, SE11, London, UK, London, UK",51.49398990,-0.10051790,"133 Newington Butts, Elephant and Castle, London SE1 6TG, UK"
"141, Newington Butts, SE11, London, UK, London, UK",51.49399760,-0.10051830,"141 Newington Butts, Elephant and Castle, London SE1 6TG, UK"
"129-131, Newington Butts, SE11, London, UK, London, UK",51.49234590,-0.10124510,"129 Newington Butts, London SE1 6SF, UK"
"2-8 Crampton Street, Southwark, SE17, London, UK, London, UK",51.49068840,-0.10019120,"2 Crampton St, London SE17, UK"
"86-102 Newington Butts, SE11, London, UK, London, UK",51.49279800,-0.10104250,"86 Newington Butts, London SE1 6SF, UK"
"147 Walworth Road, SE17, London, UK, London, UK",51.49164090,-0.09747950,"147 Walworth Rd, London SE17 1RW, UK"
"8-12 Dundas Road Camberwell SE15, London, UK, London, UK",51.47021880,-0.05535500,"8 Dundas Rd, London SE15, UK"
"105-113 Tyrwhitt Road, Brockley, SE4, London, UK, London, UK",51.46278030,-0.02458190,"105 Tyrwhitt Rd, London SE4 1QE, UK"
"Glenton Road, Leiwsham SE13, London, UK, London, UK",51.45910570,0.00016500,"Glenton Rd, London SE13, UK"
"Tarn Street, Camberwell, Greater London, SE1, London, UK, London, UK",51.49633480,-0.09823430,"Tarn St, London SE1, UK"
"Braganza Street, Se17, London, UK, London, UK",51.48731280,-0.10356230,"Braganza St, London SE17, UK"
"82 Reculver Road, Rotherhithe, SE16, London, UK, London, UK",51.48827490,-0.04957880,"82 Reculver Rd, London SE16 2RW, UK"
"Westminster Bridge, SW1, London, UK, London, UK",51.50086380,-0.12196450,"Westminster Bridge, Westminster Bridge, London SW1A 2JH, UK"
"215-217, Commercial Road, Stepney E1, London, UK, London, UK",51.51492790,-0.05965460,"215 Commercial Rd, London E1 2BT, UK"
"Tynte Street, Homerton E9, London, UK, London, UK",51.54786090,-0.04259030,"Homerton, London, UK"
"Lewisham Hospital, Lewisham , SE13, London, UK, London, UK",51.45303330,-0.01794980,"High street, London SE13 6LH, UK"
"Rolt Street, Deptford, SE8, London, UK, London, UK",51.48307570,-0.03607000,"Rolt St, London SE8, UK"
"36-38 Cliffview Road, Lewisham SE13, London, UK, London, UK",51.46148300,-0.02288750,"36 Cliffview Rd, London SE13 7DD, UK"
"31 Amelia Street, Walworth Se17, London, UK, London, UK",51.48940300,-0.09859250,"31 Amelia St, London SE17 3PY, UK"
"Carpenters Road E15, London, UK, London, UK",51.53970650,-0.00780580,"Carpenters Rd, London E15, UK"
"Bedford Road, WC1, London, UK, London, UK",51.46257190,-0.12933900,"Bedford Rd, London, UK"
"1 Philpot Street, Stepney, E1, London, UK, London, UK",51.51485930,-0.05834040,"1 Philpot St, London E1 2DS, UK"
"Upbrook Mews, Hyde Park, w2, London, UK, London, UK",51.51319940,-0.17102240,"Hyde Park Gardens Mews, Tyburnia, London W2, UK"
"Wallis Road, Hackney Wick, E9, London, UK, London, UK",51.54410210,-0.02509500,"Wallis Rd, London E9, UK"
"2 Leamore St, Hammersmith, w6, London, UK, London, UK",51.49440830,-0.22991970,"2 Leamore St, London W6 0JZ, UK"
"140 Dorset House, Marylebone Road, NW1, London, UK, London, UK",51.52245740,-0.15961260,"Dorset House, Gloucester Pl, London NW1 5AG, UK"
"Baker Street, w1, London, UK, London, UK",51.52056310,-0.15680410,"Baker St, London, UK"
"Seymour Buildings, Seymour Place, Westminister, London W1, London, UK, London, UK",51.51943220,-0.16340100,"Seymour Buildings, 155 Seymour Pl, London W1H 4PF, UK"
"Addison Road, Kensington, w14, London, UK, London, UK",51.50104140,-0.20829360,"Addison Rd, London W14, UK"
"Railway Arches, Hammersmith Grove, Hammersmith, w6, London, UK, London, UK",51.49519350,-0.22646140,"Hammersmith Grove, London W6, UK"
"Eade Road, Finsbury Park, N4, London, UK, London, UK",51.57423640,-0.09421500,"Eade Rd, Finsbury Park, London, UK"
"Crawford Street, w1, London, UK, London, UK",51.51960050,-0.16065100,"Crawford St, London, UK"
"Holland Villas Road , Kensington W1, London, UK, London, UK",51.50221620,-0.21141170,"Holland Villas Rd, London W14, UK"
"158 Sussec Gardens, w2, London, UK, London, UK",51.51520750,-0.17325680,"Hotel Claremont, 158 Sussex Gardens, Tyburnia, London W2 1UD, UK"
"9 Kensington Palace Gardens, w8, London, UK, London, UK",51.50872450,-0.19142750,"9 Kensington Palace Gardens, London W8 4QP, UK"
"1-15 Haddo Terrace, Greenwich SE10, London, UK, London, UK",51.48113600,-0.01428640,"1 Haddo St, London SE10, UK"
"Prior Street Greenwich, SE10, London, UK, London, UK",51.47633280,-0.01094490,"Prior St, London SE10, UK"
"99-101 Cambridge heath Road, Bethnal Green, E2, London, UK, London, UK",51.52256900,-0.05518610,"99 Cambridge Heath Rd, Bethnal Green, London E1 5RZ, UK"
"94 Royal Hill, Greenwich SE10, London, UK, London, UK",51.47583140,-0.01051320,"94 Royal Hill, London SE10 8RT, UK"
"96 Royal Hill, Greenwich SE10, London, UK, London, UK",51.47564950,-0.01056650,"96 Royal Hill, London SE10 8SE, UK"
"98 Royal Hill, Greenwich SE10, London, UK, London, UK",51.47560900,-0.01063230,"98 Royal Hill, London SE10 8ST, UK"
"Polygon Road, NW1, London, UK, London, UK",51.53157810,-0.13292970,"Polygon Rd, London NW1, UK"
"New Kent Road, Se1 and Trocadero Cinema , London, UK, London, UK",51.51060130,-0.13296750,"London Trocadero, London W1D 7DH, UK"
"Steedman  Street, Se17, London, UK, London, UK",51.49169260,-0.09899730,"Steedman St, London SE17, UK"
"117 Walworth Road, Se17, London, UK, London, UK",51.49263930,-0.09839020,"117 Walworth Rd, London SE1 6SW, UK"
"50, Rushey Gren, Catford, Se6, London, UK, London, UK",51.44842180,-0.01769840,"50 Rushey Grn, London SE6, UK"
"Westferry Road, Docklands, London E14, London, UK, London, UK",51.49849240,-0.02591510,"Westferry Rd, London E14, UK"
"Thorpes Wharf, Brewhouse Lane, Stopney E1, London, UK, London, UK",51.52222540,-0.04915740,"Stepney, London E1, UK"
"2 Athol Street, Poplar E14, London, UK, London, UK",51.51266770,-0.00627540,"2 Athol Square, Aberfeldy Village, London E14 0NP, UK"
"24-48 Dee Street, Poplar E14. 2-22., London, UK, London, UK",51.51435370,-0.00433900,"22, 24 Dee St, Aberfeldy Village, London E14 0PY, UK"
"Culloden Street School, Poplar, E14. , London, UK, London, UK",51.51371710,-0.00782580,"Culloden St, Aberfeldy Village, London E14 0PD, UK"
"50 -68 and 41-71 Aberfeldy Street Poplar, E14., London, UK, London, UK",51.51347300,-0.00570090,"41 Aberfeldy St, Aberfeldy Village, London E14 0NU, UK"
"2-36 and 1-37 Ettrick Street Poplar, E14, London, UK, London, UK",51.51447500,-0.00564280,"1 Ettrick St, Aberfeldy Village, London E14, UK"
"139 Walworth Road Se17, London, UK, London, UK",51.49214180,-0.09805810,"139 Walworth Rd, London SE17 1RW, UK"
"30 Kenton Road, Hackney E9, London, UK, London, UK",51.54391370,-0.04397000,"30 Kenton Rd, London E9 7AB, UK"
"Mare Street, Hackney, E9, London, UK, London, UK",51.54054280,-0.05541410,"Mare St, London, UK"
"186, 188, 190 and 192. 233-251, 201-231 and 253-257., London, UK, London, UK",51.50721780,-0.12758620,"London, UK"
"9 Lyme Grove, Hackney , e9, London, UK, London, UK",51.54282740,-0.05357130,"9 Lyme Grove, London E9, UK"
"12. St. Thomas Square E9, London, UK, London, UK",51.54108530,-0.05358810,"12 St Thomas's Square, London E9 7PW, UK"
"London Lane, Hackney, London E8, London, UK, London, UK",51.54199920,-0.05613990,"London Ln, London E8, UK"
"Tillostson Street, Dean Cross Street, Stepney, E1, London, UK, London, UK",51.51356800,-0.05504310,"Deancross St, London E1, UK"
"41-47 Abernethy Road, Lee SE12, London, UK, London, UK",51.45734020,0.00162260,"41 Abernethy Rd, London SE13 5QJ, UK"
"17, 17a, 17b, Doris Street, SE11, London, UK, London, UK",51.53959620,-0.32581540,"17 17a, 17 Doris Ashby Cl, London, Perivale, Greenford UB6 7FE, UK"
"Eckington Gardens, Newcross SE14, London, UK, London, UK",51.47739240,-0.04742950,"Eckington Gardens, 23B Casella Rd, London SE14 5QN, UK"
"72-74 Ansdell Road, Peckham, SE15, London, UK, London, UK",51.46854760,-0.05468100,"72 Ansdell Rd, London SE15 2DS, UK"
"Valentine Road, Hackney E9, London, UK, London, UK",51.54383220,-0.04601380,"Valentine Rd, London E9, UK"
"Poole Road, London E9 7AE, London, UK, London, UK",51.54367360,-0.04572760,"Poole Rd, London E9 7AE, UK"
"189, Sussex Gardens W2, London, UK, London, UK",51.51407940,-0.17394690,"189 Sussex Gardens, Tyburnia, London W2 2RH, UK"
"Bale Rd, Tower Hamlets, London E1 4QJ, United Kingdom, London, UK, London, UK",51.51996990,-0.03886340,"Bale Rd, London E1 4QJ, UK"
"Benledi Street, Poplar E14, London, UK, London, UK",51.51389660,-0.00298000,"Benledi Rd, Aberfeldy Village, London E14 0LR, UK"
